[{"pk": 25, "model": "expecon.experiment", "fields": {"name": "Ultimatum Deploy", "admin_css": "body {\r\n  padding-top: 60px;\r\n}\r\n\r\n", "comments": "", "experimenter": 1, "admin_html": "<!DOCTYPE HTML>\r\n<html ng-app=\"Redwood\">\r\n  <head>\r\n\t\t<title>Ultimatum Admin</title>\r\n\t\t<script type=\"text/javascript\" src=\"{{ STATIC_URL }}framework/js/lib/jquery/jquery.min.js\"></script>\r\n\t\t<script type=\"text/javascript\" src=\"{{ STATIC_URL }}framework/js/lib/bootstrap/bootstrap-3.1.1.min.js\"></script>\r\n\t\t<script type=\"text/javascript\" src=\"{{ STATIC_URL }}framework/js/lib/angular/angular-1.2.16.js\"></script>\r\n\t\t<script type=\"text/javascript\" src=\"{{ STATIC_URL }}framework/js/redwoodCore.js\"></script>\r\n\t\t<script type=\"text/javascript\" src=\"{{ STATIC_URL }}framework/js/redwoodHelpers.js\"></script>\r\n\t\t<script type=\"text/javascript\" src=\"{{ STATIC_URL }}framework/js/redwoodAdmin.js\"></script>\r\n\t\t<link type=\"text/css\" rel=\"stylesheet\" href=\"{{ STATIC_URL }}framework/css/bootstrap.min.css\"></link>\r\n\t\t<script type=\"text/javascript\">\r\n\t\t\t{{ js }}\r\n\t\t</script>\r\n\t\t<style type=\"text/css\">\r\n\t\t\t{{ css }}\r\n\t\t</style>\r\n\t</head>\r\n\t<body ng-controller=\"AdminCtrl\">\r\n\t\t<div class=\"navbar navbar-fixed-top container\">\r\n\t\t\t<div class=\"navbar-inner\">\r\n\t\t\t\t<div class=\"container-fluid\">\r\n\t\t\t\t\t<div class=\"brand\" href=\"#\">Economics Experiment</div>\r\n\t\t\t\t\t<div class=\"nav-collapse collapse\">\r\n\t\t\t\t\t\t<p class=\"navbar-text pull-right\">Administrator</p>\r\n\t\t\t\t\t</div>\r\n\t\t\t\t</div>\r\n\t\t\t</div>\r\n\t\t</div>\r\n\r\n\t\t<div class=\"container\">\r\n\t\t\t<div class=\"row\">\r\n\t\t\t\t<div class=\"span3\">\r\n\t\t\t\t\t<div class=\"row\">\r\n\t\t\t\t\t\t<div class=\"span3\">\r\n\t\t\t\t\t\t\t<div class=\"well sidebar-nav\">\r\n\t\t\t\t\t\t\t\t<ul class=\"nav nav-list\">\r\n\t\t\t\t\t\t\t\t\t<li><span id=\"router-status\" class=\"badge badge-important\"></span></li>\r\n\t\t\t\t\t\t\t\t</ul>\r\n\t\t\t\t\t\t\t</div>\r\n\t\t\t\t\t\t</div>\r\n\t\t\t\t\t</div>\r\n\t\t\t\t\t<div class=\"row\">\r\n\t\t\t\t\t\t<div class=\"span3\">\r\n\t\t\t\t\t\t\t<div class=\"well sidebar-nav\">\r\n\t\t\t\t\t\t\t\t<ul class=\"nav nav-list\">\r\n\t\t\t\t\t\t\t\t\t<li><a href=\"admin/payouts\" target=\"_blank\">View Payouts</a></li>\r\n\t\t\t\t\t\t\t\t\t<li><a id=\"archive\" href=\"#\">Archive Session</a></li>\r\n\t\t\t\t\t\t\t\t\t<li><a id=\"download\" href=\"admin/download\">Download Data</a></li>\r\n\t\t\t\t\t\t\t\t</ul>\r\n\t\t\t\t\t\t\t</div>\r\n\t\t\t\t\t\t</div>\r\n\t\t\t\t\t</div>\r\n\t\t\t\t</div>\r\n\t\t\t\t<div class=\"span9\">\r\n\t\t\t\t\t<div class=\"row\">\r\n\t\t\t\t\t\t<div class=\"span9\">\r\n\t\t\t\t\t\t\t<p>Subjects:</p>\r\n\t\t\t\t\t\t\t<table class=\"table table-bordered table-condensed table-striped\">\r\n\t\t\t\t\t\t\t\t<thead>\r\n\t\t\t\t\t\t\t\t<tr><th>ID</th><th>Group</th><th>Period</th><th style=\"width: 150px;\"></th></tr>\r\n\t\t\t\t\t\t\t\t</thead>\r\n\t\t\t\t\t\t\t\t<tbody id=\"subject-list\">\r\n\t\t\t\t\t\t\t\t</tbody>\r\n\t\t\t\t\t\t\t</table>\r\n\t\t\t\t\t\t</div>\r\n\t\t\t\t\t</div>\r\n\t\t\t\t\t<div class=\"row\">\r\n\t\t\t\t\t\t<div class=\"span6\">\r\n\t\t\t\t\t\t\t<button id=\"start-session\" class=\"btn btn-success\">Start Session</button>\r\n\t\t\t\t\t\t\t<button id=\"refresh-subjects\" class=\"btn btn-info\" title=\"Attempt recover by refreshing all subject browsers\">Recover Session</button>\r\n\t\t\t\t\t\t\t<button id=\"reset-session\" class=\"btn btn-danger\">Reset Session</button>\r\n\t\t\t\t\t\t</div>\r\n\t\t\t\t\t\t<div class=\"span3\">\r\n\t\t\t\t\t\t\t<div class=\"pull-right\">\r\n\t\t\t\t\t\t\t\t<button id=\"pause-session\" class=\"btn btn-warning\" disabled=\"disabled\">Pause</button>\r\n\t\t\t\t\t\t\t\t<button id=\"resume-session\" class=\"btn btn-primary\" disabled=\"disabled\">Resume</button>\r\n\t\t\t\t\t\t\t</div>\r\n\t\t\t\t\t\t</div>\r\n\t\t\t\t\t</div>\r\n\t\t\t\t</div>\r\n\t\t\t</div>\r\n\t\t\t<div class=\"row\">\r\n\t\t\t\t<div class=\"span12\">\r\n\t\t\t\t\t<hr/>\r\n\t\t\t\t\t<p>Configuration:</p>\r\n\t\t\t\t\t<load-config></load-config>\r\n\t\t\t\t\t<div style=\"overflow: auto;\">\r\n\t\t\t\t\t\t<table class=\"config table table-bordered table-striped table-condensed\"></table>\r\n\t\t\t\t\t</div>\r\n\t\t\t\t</div>\r\n\t\t\t</div>\r\n\t\t</div>\r\n\t</body>\r\n</html>\r\n", "admin_js": "Redwood.controller(\"AdminCtrl\", [\"$rootScope\", \"$scope\", \"Admin\", function($rootScope, $scope, ra) {\r\n\tvar Display = { //Display controller\r\n\r\n\t\tinitialize: function() {\r\n\t\t\t$(\"#start-session\").click(function () {\r\n\t\t\t\t$(\"#start-session\").attr(\"disabled\", \"disabled\");\r\n\t\t\t\tra.trigger(\"start_session\");\r\n\t\t\t});\r\n\r\n\t\t\tra.on(\"start_session\", function() {\r\n\t\t\t\t$(\"#start-session\").attr(\"disabled\", \"disabled\");\r\n\t\t\t\t$(\"#pause-session\").removeAttr(\"disabled\");\r\n\t\t\t});\r\n\r\n\t\t\t$(\"#refresh-subjects\").click(function () {\r\n\t\t\t\t$(\"#refresh-subjects\").attr(\"disabled\", \"disabled\");\r\n\t\t\t\tra.refreshSubjects().then(function() {\r\n\t\t\t\t\t$(\"#refresh-subjects\").removeAttr(\"disabled\");\r\n\t\t\t\t});\r\n\t\t\t});\r\n\r\n\t\t\t$(\"#reset-session\").click(function () {\r\n\t\t\t\tra.reset();\r\n\t\t\t});\r\n\r\n\t\t\t$(\"#pause-session\").click(function () {\r\n\t\t\t\t$(\"#pause-session\").attr(\"disabled\", \"disabled\");\r\n\t\t\t\tra.trigger(\"pause\");\r\n\t\t\t});\r\n\t\t\tra.on(\"pause\", function() {\r\n\t\t\t\t$(\"#pause-session\").attr(\"disabled\", \"disabled\");\r\n\t\t\t});\r\n\r\n\t\t\t$(\"#resume-session\").click(function () {\r\n\t\t\t\t$(\"#resume-session\").attr(\"disabled\", \"disabled\");\r\n\t\t\t\tra.trigger(\"resume\");\r\n\t\t\t});\r\n\t\t\tra.on(\"resume\", function() {\r\n\t\t\t\t$(\"#resume-session\").attr(\"disabled\", \"disabled\");\r\n\t\t\t\t$(\"#pause-session\").removeAttr(\"disabled\");\r\n\t\t\t});\r\n\r\n\t\t\tra.on_subject_paused(function(userId) {\r\n\t\t\t\t$(\"#pause-session\").attr(\"disabled\", \"disabled\");\r\n\t\t\t\t$(\"tr.subject-\" + userId).addClass(\"warning\"); //Display current period for each user\r\n\t\t\t\t$(\"tr.subject-\" + userId + \" :nth-child(4)\").text(\"Paused\"); //Display current period for each user\r\n\t\t\t});\r\n\r\n\t\t\tra.on_all_paused(function() {\r\n\t\t\t\t$(\"#resume-session\").removeAttr(\"disabled\");\r\n\t\t\t});\r\n\r\n\t\t\tra.on_subject_resumed(function(user) {\r\n\t\t\t\t$(\"tr.subject-\" + user).removeClass(\"warning\"); //Display current period for each user\r\n\t\t\t\t$(\"tr.subject-\" + user + \" :nth-child(4)\").text(\"\"); //Display current period for each user\r\n\t\t\t});\r\n\r\n\t\t\t$(\"#archive\").click(function () {\r\n\t\t\t\tvar r = confirm(\"Are you sure you want to archive this session?\");\r\n\t\t\t\tif(r == true) {\r\n\t\t\t\t\tra.delete_session();\r\n\t\t\t\t}\r\n\t\t\t});\r\n\r\n\t\t\tra.on_router_connected(function(connected) { //Display router connection status\r\n\t\t\t\tvar status = $(\"#router-status\");\r\n\t\t\t\tif (connected) {\r\n\t\t\t\t\tstatus.text(\"Router Connected\");\r\n\t\t\t\t\tstatus.removeClass(\"badge-important\");\r\n\t\t\t\t\tstatus.addClass(\"badge-success\");\r\n\t\t\t\t} else {\r\n\t\t\t\t\tstatus.text(\"Router Disconnected\");\r\n\t\t\t\t\tstatus.removeClass(\"badge-success\");\r\n\t\t\t\t\tstatus.addClass(\"badge-important\");\r\n\t\t\t\t}\r\n\t\t\t});\r\n\r\n\t\t\tra.on_set_period(function(user, period) {\r\n\t\t\t\t$(\"tr.subject-\" + user + \" :nth-child(3)\").text(period); //Display current period for each user\r\n\t\t\t});\r\n\r\n\t\t\tra.on_set_group(function(user, group) {\r\n\t\t\t\t$(\"tr.subject-\" + user + \" :nth-child(2)\").text(group); //Display group for each user\r\n\t\t\t});\r\n\r\n\t\t\tra.on_register(function(user) { //Add a row to the table to each user\r\n\t\t\t\t$(\"#subject-list\").empty();\r\n\t\t\t\tfor(var i = 0, l = ra.subjects.length; i < l; i++) {\r\n\t\t\t\t\t$(\"#subject-list\").append($(\"<tr>\").addClass(\"subject-\" + ra.subjects[i].user_id).append(\r\n\t\t\t\t\t\t$(\"<td>\").text(ra.subjects[i].user_id).after(\r\n\t\t\t\t\t\t\t$(\"<td>\").text(0).after(\r\n\t\t\t\t\t\t\t\t$(\"<td>\").text(0).after(\r\n\t\t\t\t\t\t\t\t\t$(\"<td>\").text(\"\"))))));\r\n\t\t\t\t}\r\n\t\t\t});\r\n\r\n\t\t\tra.on_set_config(function(config) { //Display the config file\r\n\t\t\t\t$(\"table.config\").empty();\r\n\t\t\t\tvar a = $.csv.toArrays(config);\r\n\t\t\t\tfor (var i = 0; i < a.length; i++) {\r\n\t\t\t\t\tvar row = a[i];\r\n\t\t\t\t\tvar tr = $(\"<tr>\");\r\n\t\t\t\t\tfor (var j = 0; j < row.length; j++) {\r\n\t\t\t\t\t\tvar cell = row[j];\r\n\t\t\t\t\t\tvar td = $((i == 0 ? \"<th>\" : \"<td>\")).text(cell);\r\n\t\t\t\t\t\ttr.append(td);\r\n\t\t\t\t\t}\r\n\t\t\t\t\t$(\"table.config\").append(tr);\r\n\t\t\t\t}\r\n\t\t\t});\r\n\t\t}\r\n\t};\r\n\r\n\r\n\tvar resetGroups = function() {\r\n\t\tvar config = ra.get_config(1, 0) || {};\r\n\t\tfor (var i = 0; i < ra.subjects.length; i++) { //set all subjects to group 1 (this is so that matching can be changed per period)\r\n\t\t\tif($.isArray(config.groups)) {\r\n\t\t\t\tfor(var groupId = 0; groupId < config.groups.length; groupId++) {\r\n\t\t\t\t\tif($.isArray(config.groups[groupId])) {\r\n\t\t\t\t\t\tif(config.groups[groupId].indexOf(parseInt(ra.subjects[i].user_id)) > -1) { //Nested group array\r\n\t\t\t\t\t\t\tra.set_group(groupId + 1, ra.subjects[i].user_id);\r\n\t\t\t\t\t\t}\r\n\t\t\t\t\t} else {\r\n\t\t\t\t\t\tra.set_group(1, ra.subjects[i].user_id);\r\n\t\t\t\t\t}\r\n\t\t\t\t}\r\n\t\t\t} else {\r\n\t\t\t\tra.set_group(1, ra.subjects[i].user_id);\r\n\t\t\t}\r\n\t\t}\r\n\t};\r\n\r\n\tDisplay.initialize();\r\n\r\n\tra.on_load(function () {\r\n\t\tresetGroups(); //Assign groups to users\r\n\t});\r\n\r\n\tra.on_register(function(user) { //Add a row to the table to each user\r\n\t\tresetGroups();\r\n\t});\r\n\r\n\tra.on(\"start_session\", function() {\r\n\t\tra.start_session();\r\n\t});\r\n\r\n\tra.on(\"pause\", function() {\r\n\t\tra.pause();\r\n\t});\r\n\r\n\tra.on(\"resume\", function() {\r\n\t\tra.resume();\r\n\t});\r\n\r\n}]);\r\n\r\n", "rt_js": ""}}, {"pk": 80, "model": "expecon.page", "fields": {"experiment": 25, "html": "{% load verbatim %}\r\n<!DOCTYPE HTML>\r\n<html ng-app=\"Redwood\">\r\n<head>\r\n  <title>Wait</title>\r\n  <script type=\"text/javascript\" src=\"{{ STATIC_URL }}framework/js/lib/jquery/jquery.min.js\"></script>\r\n  <script type=\"text/javascript\" src=\"{{ STATIC_URL }}framework/js/lib/jquery/jquery-ui-1.10.3.custom.js\"></script>\r\n  <script type=\"text/javascript\" src=\"{{ STATIC_URL }}framework/js/lib/flot/jquery.flot.js\"></script>\r\n  <script type=\"text/javascript\" src=\"{{ STATIC_URL }}framework/js/lib/flot/jquery.flot.dashes.js\"></script>\r\n\t<script type=\"text/javascript\" src=\"{{ STATIC_URL }}framework/js/lib/bootstrap/bootstrap-3.1.1.min.js\"></script>\r\n\t<script type=\"text/javascript\" src=\"{{ STATIC_URL }}framework/js/lib/angular/angular-1.2.16.js\"></script>\r\n\t<script type=\"text/javascript\" src=\"{{ STATIC_URL }}framework/js/redwoodCore.js\"></script>\r\n\t<script type=\"text/javascript\" src=\"{{ STATIC_URL }}framework/js/redwoodHelpers.js\"></script>\r\n\t<script type=\"text/javascript\" src=\"{{ STATIC_URL }}framework/js/redwoodSubject.js\"></script>\r\n  <link type=\"text/css\" rel=\"stylesheet\" href=\"{{ STATIC_URL }}framework/css/bootstrap-3.1.1.min.css\"></link>\r\n\t<link type=\"text/css\" rel=\"stylesheet\" href=\"{{ STATIC_URL }}framework/css/ui-lightness/jquery-ui-1.10.3.custom.css\"></link>\r\n\t<script type=\"text/javascript\">\r\n\t\tvar IMAGE_URL = \"{{ STATIC_URL }}experiments/ultimatum/img\";\r\n\t\t{{ js }}\r\n\t</script>\r\n\t<style type=\"text/css\">\r\n\t\t{{ css }}\r\n\t</style>\r\n</head>\r\n{% verbatim %}\r\n<body>\r\n<div ng-controller=\"SubjectCtrl\">\r\n\r\n  <div class=\"navbar navbar-fixed-top container\">\r\n\t\t<div class=\"navbar navbar-default\" style=\"margin-bottom: 0;\">\r\n\t\t\t<div class=\"navbar-brand\" href=\"#\">Economics Experiment</div>\r\n\t\t\t<ul class=\"nav navbar-nav\">\r\n\t\t\t\t<li class=\"active\">\r\n\t\t\t\t\t<a>User ID: <span>{{$root.user_id}}</span></a>\r\n\t\t\t\t</li>\r\n\t\t\t</ul>\r\n\t\t\t<div class=\"navbar-right\">\r\n\r\n\t\t\t</div>\r\n\t\t</div>\r\n\t</div>\r\n\r\n\t<div class=\"container\">\r\n\t\t<div class=\"row\">\r\n\t\t\t<div class=\"col-lg-12\">\r\n\t\t\t\t<div ng-hide=\"state.loaded\">Waiting for experiment to start...</div>\r\n\t\t\t\t<div ng-show=\"state.loaded && !state.ready\">\r\n\t\t\t\t\t<p>Welcome to the experiment!</p>\r\n\t\t\t\t\t<p style=\"font-weight:bold;\">Please read these instructions before you continue</p>\r\n\t\t\t\t\t<p>\r\n\t\t\t\t\t<ul>\r\n\t\t\t\t\t\t<li>You must have registered at ORSEE before you login and participate in this experiment. If you haven't done that, please\r\n\t\t\t\t\t\t\tcontact the experimenter.</li>\r\n\t\t\t\t\t\t<li>Please do not use your browser's BACK, FORWARD or REFRESH/RELOAD buttons during the experiment. If you encounter a\r\n\t\t\t\t\t\t\ttechnical difficulty please contact the experimenter.</li>\r\n\t\t\t\t\t\t<li>If you have any questions, please raise your hand and one of the experimenters will approach you <strong>privately.</strong></li>\r\n\t\t\t\t\t</ul></p>\r\n\t\t\t\t\t<p><strong>Procedure:</strong></p>\r\n\t\t\t\t\t<p>When you start the experiment (by clicking Ready below) you will first participate in a visual perception contest.\r\n\t\t\t\t\t\tThe top half (approximately) of participants that perform better in the contest will be assigned to be Proposers and the\r\n\t\t\t\t\t\tremaining half (approximately) will be assigned to be Responders. If you have performed poorly in the contest, you\r\n\t\t\t\t\t\tmight not continue to the second part of the experiment at all (depending on the number of participants in your session).</p>\r\n\t\t\t\t\t<p>If you become a Proposer you will receive a $<span>{{$P}}</span> base payment and earn the right to make offers of the sort:\r\n\t\t\t\t\t\tHow much of an additional $<span>{{config.maxX}}</span> bonus, would you like to offer an anonymous Responder?\r\n\t\t\t\t\t\tYou are free to decide on the offers: they could be identical or different - it is totally up to you.\r\n\t\t\t\t\t\tEach offer must be a value between $<span>{{config.minX}}</span> and $<span>{{config.maxX}}</span>.</p>\r\n\t\t\t\t\t<p>If you become a Responder you will receive a $<span>{{$R}}</span> base payment and will then receive several offers from different anonymous Proposers.\r\n\t\t\t\t\t\tFor each offer you will have the choice to ACCEPT or REJECT.</p>\r\n\t\t\t\t\t<p>The offering process is divided into <span>{{config.k}}</span> rounds and several offers will be made to different anonymous Responders each round.\r\n\t\t\t\t\t\tAfter all rounds are complete, each Proposer will have interacted with each Responder exactly once. During each round the Proposer will receive feedback\r\n\t\t\t\t\t\ton whether each offer was accepted or rejected and can use this information to influence their offers in the next round.</p>\r\n\t\t\t\t\t<p><strong>Payment:</strong></p>\r\n\t\t\t\t\t<p>Each participant will receive their base payment plus a possible bonus of between <span>{{config.minX}}</span> and <span>{{config.maxX}}</span> dollars.\r\n\t\t\t\t\t\tIn order to calculate the bonus, a single offer from a single round will be randomly selected.\r\n\t\t\t\t\t\tLet the value of this offer be $X. If the offer was accepted then the Proposer will receive a bonus of <span>{{config.maxX}}</span>-X dollars\r\n\t\t\t\t\t\tand the Responder will receive a bonus of X dollars. However, if the offer was rejected, then neither the Proposer nor the Responder will receive any bonus.\r\n\t\t\t\t\t\tIn other words: each participant will receive a bonus (in addition to the base payment) according to only one of the offers (s)he made or received\r\n\t\t\t\t\t\tand only if that particular offer was accepted.</p>\r\n\t\t\t\t\t<p><strong>Anonymity:</strong></p>\r\n\t\t\t\t\t<p>Every effort is being made to guarantee that your identity and choice remain confidential: participants do not know the roles of\r\n\t\t\t\t\t\tother participants and have no way to identify an offer with Proposer or a acceptance/rejection with a Responder. Furthermore, the\r\n\t\t\t\t\t\tpayment will be prepared in sealed envelopes by another experimenter who cannot identify the participants in the experiment.</p>\r\n\t\t\t\t\t<hr/>\r\n\t\t\t\t\t<p><strong>Estimation Game:</strong></p>\r\n\t\t\t\t\t<p>When you click the \"Ready\" button on this page, you will see a plot that looks like the one shown below. </p>\r\n\t\t\t\t\t<img ng-src=\"{{IMAGE_URL}}/plot.png\">\r\n\t\t\t\t\t<p>As you can see, there are 10 circles scattered within the box. On the next picture there will be many more circles.\r\n\t\t\t\t\t\tYour job will be to guess how many there are in the picture that follows. The catch is you will only have 5 seconds to see the box.\r\n\t\t\t\t\t\tThose whose guesses are closest to the correct number of circles will earn the right to become Proposers.</p>\r\n\t\t\t\t\t<button class=\"btn btn-success\" ng-click=\"ready()\">Ready</button>\r\n\t\t\t\t</div>\r\n\r\n\t\t\t\t<div ng-show=\"state.ready\" class=\"row\">\r\n\t\t\t\t\t<div class=\"col-lg-3\">\r\n\t\t\t\t\t\t<div class=\"well sidebar-nav\">\r\n\t\t\t\t\t\t\t<ul class=\"nav nav-list\">\r\n\t\t\t\t\t\t\t\t<li>Estimation Game</li>\r\n\t\t\t\t\t\t\t</ul>\r\n\t\t\t\t\t\t</div>\r\n\t\t\t\t\t</div>\r\n\t\t\t\t\t<div class=\"col-lg-9\">\r\n\t\t\t\t\t\t<div ng-hide=\"state.timeUp\">\r\n\t\t\t\t\t\t\t<div id=\"plot\" style=\"width:600px; height:400px;\"></div>\r\n\t\t\t\t\t\t</div>\r\n\t\t\t\t\t\t<div ng-show=\"state.timeUp\">\r\n\t\t\t\t\t\t\t<div>\r\n\t\t\t\t\t\t\t\t<form ng-submit=\"submit(estimate)\">\r\n\t\t\t\t\t\t\t\t\t<label for=\"estimate\">Answer: </label><input id=\"estimate\" ng-model=\"estimate\" required ng-pattern=\"/^\\d+$/\" ng-disabled=\"state.submitted\"/>\r\n\t\t\t\t\t\t\t\t\t<button type=\"submit\" ng-disabled=\"state.submitted\" class=\"btn btn-success\">Submit</button>\r\n\t\t\t\t\t\t\t\t</form>\r\n\t\t\t\t\t\t\t</div>\r\n\t\t\t\t\t\t\t<div ng-show=\"state.submitted\"><span class=\"label label-info\">Waiting for other players...</span></div>\r\n\t\t\t\t\t\t</div>\r\n\t\t\t\t\t</div>\r\n\t\t\t\t</div>\r\n\t\t\t</div>\r\n\t\t</div>\r\n\t</div>\r\n\r\n</div>\r\n</body>\r\n{% endverbatim %}\r\n</html>\r\n", "name": "Wait", "css": "body {\r\n  padding-top: 60px;\r\n}\r\n\r\n", "js": "Redwood.controller(\"SubjectCtrl\", [\"$rootScope\", \"$scope\", \"RedwoodSubject\", function($rootScope, $scope, rs) {\r\n\r\n  $scope.IMAGE_URL = IMAGE_URL;\r\n\r\n\tvar ROLE = {\r\n\t\tP: 0,\r\n\t\tR: 1\r\n\t};\r\n\r\n\t$scope.state = {};\r\n\r\n\trs.on_load(function() {\r\n\r\n\t\t$scope.config = rs.configs[0];\r\n\r\n\t\t$scope.$R = $scope.config.showR ? $scope.config.$R : 'R';\r\n\t\t$scope.$P = $scope.config.showP ? $scope.config.$P : 'P';\r\n\r\n\t\t$scope.state.loaded = true;\r\n\r\n\t});\r\n\r\n\trs.on(\"ready\", function() {\r\n\t\t$scope.state.ready = true;\r\n\t\tdrawPlot();\r\n\t\trs.timeout(function() {\r\n\t\t\trs.trigger(\"time_up\");\r\n\t\t}, 5000);\r\n\t});\r\n\r\n\trs.on(\"time_up\", function() {\r\n\t\t$scope.state.timeUp = true;\r\n\t});\r\n\r\n\t$scope.ready = function() {\r\n\t\trs.trigger(\"ready\");\r\n\t};\r\n\r\n\t$scope.submit = function(estimate) {\r\n\t\tvar intRegex = /^\\d+$/;\r\n\t\tif(intRegex.test(estimate)) {\r\n\t\t\trs.trigger(\"estimate\", parseInt(estimate));\r\n\t\t} else {\r\n\t\t\talert(\"Please enter a positive integer\");\r\n\t\t}\r\n\t};\r\n\r\n\trs.on(\"estimate\", function(value) {\r\n\t\t$scope.estimate = value;\r\n\t\t$scope.state.submitted = true;\r\n\r\n\t\trs.synchronizationBarrier('submitted').then(function() {\r\n\t\t\tassignRoles();\r\n\t\t});\r\n\t});\r\n\r\n\tfunction assignRoles() {\r\n\t\tvar correctAnswer = rs.configs[0].num_circles;\r\n\t\tvar subjects = rs.subjects\r\n\t\t\t.map(function(subject) {\r\n\t\t\t\treturn {\r\n\t\t\t\t\tuser_id: subject.user_id,\r\n\t\t\t\t\testimate: subject.get('estimate')\r\n\t\t\t\t};\r\n\t\t\t})\r\n\t\t\t.sort(function(a, b) {\r\n\t\t\t\treturn Math.abs(correctAnswer - a.estimate) - Math.abs(correctAnswer - b.estimate);\r\n\t\t\t});\r\n\t\tvar rank = subjects.indexOf(subjects.filter(function(subject) {\r\n\t\t\treturn subject.user_id == rs.user_id;\r\n\t\t})[0]);\r\n\t\tvar numRemainders = subjects.length % 2;\r\n\t\tnumRemainders += (((subjects.length - numRemainders) / 2) % rs.configs[0].k) * 2;\r\n\r\n\t\trs.set(\"rank\", rank);\r\n\t\tif(rank < (subjects.length - numRemainders) / 2) {\r\n\t\t\trs.set(\"role\", ROLE.P);\r\n\t\t\trs.next_period();\r\n\t\t} else if(rank < (subjects.length - numRemainders)) {\r\n\t\t\trs.set(\"role\", ROLE.R);\r\n\t\t\trs.next_period();\r\n\t\t} else {\r\n\t\t\trs.exclude();\r\n\t\t\trs.add_points(rs.configs[0].$R);\r\n\t\t\trs.finish();\r\n\t\t}\r\n\t}\r\n\r\n\tfunction drawPlot() {\r\n\t\tvar opts = {\r\n\t\t\txaxis: { show: false, min: 0, max: 1 },\r\n\t\t\tyaxis: { show: false, min: 0, max: 1 }\r\n\t\t};\r\n\r\n\t\tvar data = [];\r\n\t\tfor(var i = 0, l = rs.configs[0].num_circles; i < l; i++) {\r\n\t\t\tdata.push([Math.random(), Math.random()]);\r\n\t\t}\r\n\r\n\t\tvar dataset = [];\r\n\t\tdataset.push({\r\n\t\t\tdata: data,\r\n\t\t\tlines: { show: false },\r\n\t\t\tpoints: { show: true },\r\n\t\t\thoverable: false\r\n\t\t});\r\n\r\n\t\t$.plot(\"#plot\", dataset, opts);\r\n\t}\r\n\r\n}]);"}}, {"pk": 81, "model": "expecon.page", "fields": {"experiment": 25, "html": "{% load verbatim %}\r\n<!DOCTYPE HTML>\r\n<html ng-app=\"Redwood\">\r\n<head>\r\n  <title>Start</title>\r\n\t<script type=\"text/javascript\" src=\"{{ STATIC_URL }}framework/js/lib/jquery/jquery.min.js\"></script>\r\n  <script type=\"text/javascript\" src=\"{{ STATIC_URL }}framework/js/lib/jquery/jquery-ui-1.10.3.custom.js\"></script>\r\n  <script type=\"text/javascript\" src=\"{{ STATIC_URL }}framework/js/lib/bootstrap/bootstrap-3.1.1.min.js\"></script>\r\n  <script type=\"text/javascript\" src=\"{{ STATIC_URL }}framework/js/lib/angular/angular-1.2.16.js\"></script>\r\n  <script type=\"text/javascript\" src=\"{{ STATIC_URL }}framework/js/redwoodCore.js\"></script>\r\n  <script type=\"text/javascript\" src=\"{{ STATIC_URL }}framework/js/redwoodHelpers.js\"></script>\r\n\t<script type=\"text/javascript\" src=\"{{ STATIC_URL }}framework/js/redwoodSubject.js\"></script>\r\n\t<link type=\"text/css\" rel=\"stylesheet\" href=\"{{ STATIC_URL }}framework/css/bootstrap-3.1.1.min.css\"></link>\r\n  <link type=\"text/css\" rel=\"stylesheet\" href=\"{{ STATIC_URL }}framework/css/ui-lightness/jquery-ui-1.10.3.custom.css\"></link>\r\n  \r\n  <script type=\"text/javascript\">\r\n\t\tvar IMAGE_URL = \"{{ STATIC_URL }}/img/Ultimatum\";\r\n\t\t{{ js }}\r\n\t</script>\r\n\t<style type=\"text/css\">\r\n\t\t{{ css }}\r\n\t</style>\r\n</head>\r\n{% verbatim %}\r\n<body>\r\n<div ng-controller=\"SubjectCtrl\">\r\n\r\n  <div class=\"navbar navbar-fixed-top container\">\r\n\t\t<div class=\"navbar navbar-default\" style=\"margin-bottom: 0;\">\r\n\t\t\t<div class=\"navbar-brand\" href=\"#\">Interactive Decision Making Experiment</div>\r\n\t\t\t<ul class=\"nav navbar-nav\">\r\n\t\t\t\t<li class=\"active\">\r\n\t\t\t\t\t<a>User ID: <span>{{$root.user_id}}</span></a>\r\n\t\t\t\t</li>\r\n\t\t\t</ul>\r\n\t\t\t<div class=\"navbar-right\">\r\n\t\t\t\t<div class=\"navbar-text\">Round: <span>{{round}} of {{config.k}}</span></div>\r\n\t\t\t</div>\r\n\t\t</div>\r\n\t</div>\r\n\r\n\t<div class=\"container\">\r\n\t\t<div class=\"row\">\r\n\t\t\t<div class=\"col-lg-3\">\r\n\t\t\t\t<div class=\"well sidebar-nav\">\r\n\t\t\t\t\t<ul class=\"nav nav-list\">\r\n\t\t\t\t\t\t<li>Base Payments</li>\r\n\t\t\t\t\t\t<li>You:<span class=\"pull-right\">{{basePay}}</span></li>\r\n\t\t\t\t\t\t<li><span>{{oppositeRole | role}}</span>:<span class=\"pull-right\">{{oppositeBasePay}}</span></li>\r\n\t\t\t\t\t\t<li>&nbsp</li>\r\n\t\t\t\t\t\t<li>Min Offer:<span class=\"pull-right\">{{config.minX}}</span></li>\r\n\t\t\t\t\t\t<li>Max Offer:<span class=\"pull-right\">{{config.maxX}}</span></li>\r\n\t\t\t\t\t</ul>\r\n\t\t\t\t</div>\r\n\t\t\t</div>\r\n\t\t\t<div class=\"col-lg-9\">\r\n\t\t\t\t<div class=\"row\">\r\n\t\t\t\t\t<div class=\"col-lg-9\">\r\n\t\t\t\t\t\t<p>Responses:</p>\r\n\t\t\t\t\t\t<table class=\"table table-bordered table-condensed\">\r\n\t\t\t\t\t\t\t<thead>\r\n\t\t\t\t\t\t\t<tr><th>Offer Value</th><th>Response</th></tr>\r\n\t\t\t\t\t\t\t</thead>\r\n\t\t\t\t\t\t\t<tbody>\r\n\t\t\t\t\t\t\t\t<tr ng-repeat=\"response in allResponses\">\r\n\t\t\t\t\t\t\t\t\t<td>{{response.value | number:2}}</td>\r\n\t\t\t\t\t\t\t\t\t<td>{{response.response | response}}</td>\r\n\t\t\t\t\t\t\t\t</tr>\r\n\t\t\t\t\t\t\t</tbody>\r\n\t\t\t\t\t\t</table>\r\n\t\t\t\t\t\t<hr />\r\n\t\t\t\t\t</div>\r\n\t\t\t\t\t<div id=\"input-container\" class=\"col-lg-9\">\r\n\t\t\t\t\t\t<span ng-show=\"state.message\" class=\"label label-info\">{{state.message}}</span>\r\n\t\t\t\t\t\t<div ng-show=\"state.showInput\">\r\n\t\t\t\t\t\t\t<div ng-show=\"state.role === ROLES.P\">\r\n\t\t\t\t\t\t\t\t<p>Propose offers:</p>\r\n\t\t\t\t\t\t\t\t<table class=\"table table-bordered table-condensed\">\r\n\t\t\t\t\t\t\t\t\t<tr><th>Offer</th><th>Amount</th><td>Select amount...</td></tr>\r\n\t\t\t\t\t\t\t\t\t<tr ng-repeat=\"subject in oppositeGroup\">\r\n\t\t\t\t\t\t\t\t\t\t<td style=\"width: 8%;\">{{$index + 1}}</td>\r\n\t\t\t\t\t\t\t\t\t\t<td style=\"width: 12%;\"><span class=\"badge badge-success\">${{offerInputs[$index]}}</span></td>\r\n\t\t\t\t\t\t\t\t\t\t<td style=\"width: 80%;\"><slider></slider></td>\r\n\t\t\t\t\t\t\t\t\t</tr>\r\n\t\t\t\t\t\t\t\t</table>\r\n\t\t\t\t\t\t\t\t<div style=\"margin-top: 20px;\">\r\n\t\t\t\t\t\t\t\t\t<button class=\"btn btn-success\" ng-click=\"propose()\" ng-enabled=\"state.showInput\">Send Offers</button>\r\n\t\t\t\t\t\t\t\t</div>\r\n\t\t\t\t\t\t\t</div>\r\n\t\t\t\t\t\t\t<div ng-show=\"state.role === ROLES.R\">\r\n\t\t\t\t\t\t\t\t<p>Respond to offers:</p>\r\n\t\t\t\t\t\t\t\t<table class=\"table table-bordered table-condensed\" style=\"vertical-align:middle;\">\r\n\t\t\t\t\t\t\t\t\t<tr><th>Offer</th><th>Amount</th><th>Response</th><th>You</th><th>Proposer</th></tr>\r\n\t\t\t\t\t\t\t\t\t<tr ng-repeat-start=\"offer in offers\">\r\n\t\t\t\t\t\t\t\t\t\t<td rowspan=\"2\" style=\"width: 10%;\">{{$index + 1}}</td>\r\n\t\t\t\t\t\t\t\t\t\t<td rowspan=\"2\" style=\"width :20%;\"><span class=\"badge\">${{offer.value | number:2}}</span></td>\r\n\t\t\t\t\t\t\t\t\t\t<td style=\"width: 20%;\">\r\n\t\t\t\t\t\t\t\t\t\t\t<input id=\"accept-{{$index}}\" type=\"radio\" ng-model=\"responseInputs[$index]\" value=\"accept\" />\r\n\t\t\t\t\t\t\t\t\t\t\t<label for=\"accept-{{$index}}\" style=\"display: inline-block;\"><span class=\"label label-success\">Accept</span></label>\r\n\t\t\t\t\t\t\t\t\t\t</td>\r\n\t\t\t\t\t\t\t\t\t\t<td style=\"width: 25%;\">\r\n\t\t\t\t\t\t\t\t\t\t\tBonus: <span class=\"badge alert-success pull-right\">${{offer.value | number:2}}</span>\r\n\t\t\t\t\t\t\t\t\t\t\t<br/>\r\n\t\t\t\t\t\t\t\t\t\t\tTotal: <span class=\"badge alert-success pull-right\">${{($R + offer.value) | number:2}}</span>\r\n\t\t\t\t\t\t\t\t\t\t</td>\r\n\t\t\t\t\t\t\t\t\t\t<td style=\"width: 25%;\">\r\n\t\t\t\t\t\t\t\t\t\t\tBonus: <span class=\"badge alert-success pull-right\">${{(config.maxX - offer.value) | number:2}}</span>\r\n\t\t\t\t\t\t\t\t\t\t\t<br/>\r\n\t\t\t\t\t\t\t\t\t\t\tTotal: <span class=\"badge alert-success pull-right\"><span ng-show=\"config.showP\">${{(offer.$P + config.maxX - offer.value) | number:2}}</span><span ng-hide=\"config.showP\">??</span></span>\r\n\t\t\t\t\t\t\t\t\t\t</td>\r\n\t\t\t\t\t\t\t\t\t</tr>\r\n\t\t\t\t\t\t\t\t\t<tr ng-repeat-end>\r\n\t\t\t\t\t\t\t\t\t\t<td>\r\n\t\t\t\t\t\t\t\t\t\t\t<input id=\"reject-{{$index}}\" type=\"radio\" ng-model=\"responseInputs[$index]\" value=\"reject\" />\r\n\t\t\t\t\t\t\t\t\t\t\t<label for=\"reject-{{$index}}\" style=\"display: inline-block;\"><span class=\"label label-danger\">Reject</span></label>\r\n\t\t\t\t\t\t\t\t\t\t</td>\r\n\t\t\t\t\t\t\t\t\t\t<td>\r\n\t\t\t\t\t\t\t\t\t\t\tBonus: <span class=\"badge alert-danger pull-right\">${{(0) | number:2}}</span>\r\n\t\t\t\t\t\t\t\t\t\t\t<br/>\r\n\t\t\t\t\t\t\t\t\t\t\tTotal: <span class=\"badge alert-danger pull-right\">${{$R | number:2}}</span>\r\n\t\t\t\t\t\t\t\t\t\t</td>\r\n\t\t\t\t\t\t\t\t\t\t<td>Bonus: <span class=\"badge alert-danger pull-right\">${{(0) | number:2}}</span>\r\n\t\t\t\t\t\t\t\t\t\t\t<br/>\r\n\t\t\t\t\t\t\t\t\t\t\tTotal: <span class=\"badge alert-danger pull-right\"><span ng-show=\"config.showP\">${{offer.$P | number:2}}</span><span ng-hide=\"config.showP\">??</span></span></td>\r\n\t\t\t\t\t\t\t\t\t</tr>\r\n\t\t\t\t\t\t\t\t</table>\r\n\t\t\t\t\t\t\t\t<div style=\"margin-top: 20px;\">\r\n\t\t\t\t\t\t\t\t\t<button class=\"btn btn-success\" ng-click=\"respond()\" ng-enabled=\"state.showInput\">Send Responses</button>\r\n\t\t\t\t\t\t\t\t</div>\r\n\t\t\t\t\t\t\t</div>\r\n\t\t\t\t\t\t</div>\r\n\t\t\t\t\t</div>\r\n\t\t\t\t</div>\r\n\t\t\t</div>\r\n\t\t</div>\r\n\t\t<div class=\"row\">\r\n\t\t\t<hr style=\"margin-top:20px;\"/>\r\n\t\t\t<div class=\"col-lg-12\" id=\"footer\">\r\n\t\t\t\t<div ng-show=\"state.role === ROLES.P\">\r\n\t\t\t\t\t<p>Congratulations! Your estimate was close enough to become a Proposer.<br/>\r\n\t\t\t\t\t\tYou will receive a $<span>{{$P}}</span> base payment and have earned the right to make offers:<br/>\r\n\t\t\t\t\t\t<i>How much of an additional $<span>{{config.maxX}}</span> bonus, would you like to offer an anonymous Responder?</i><br/>\r\n\t\t\t\t\t\tYou are free to decide on the offers: they could be identical or different - it is totally up to you.\r\n\t\t\t\t\t\tEach offer must be a value between $<span>{{config.minX}}</span> and $<span>{{config.maxX}}</span>.</p>\r\n\t\t\t\t\t<p><strong>Payment:</strong></p>\r\n\t\t\t\t\t<p>Each participant will receive their base payment plus a possible bonus of between <span>{{config.minX}}</span> and <span>{{config.maxX}}</span> dollars.\r\n\t\t\t\t\t\tIn order to calculate the bonus, a single offer from a single round will be randomly selected.\r\n\t\t\t\t\t\tLet the value of this offer be $X. If the offer was accepted then the Proposer will receive a bonus of <span>{{config.maxX}}</span>-X dollars\r\n\t\t\t\t\t\tand the Responder will receive a bonus of X dollars. However, if the offer was rejected, then neither the Proposer nor the Responder will receive any bonus.</p>\r\n\t\t\t\t</div>\r\n\t\t\t\t<div ng-show=\"state.role === ROLES.R\">\r\n\t\t\t\t\t<p>Your estimate was not close enough to become a Proposer so you are now a Responder.<br/>\r\n\t\t\t\t\t\tYou will receive a $<span>{{$R}}</span> base payment and will now receive several offers from different anonymous Proposers.\r\n\t\t\t\t\t\tThey have earned the right to offer you a proportion of an additional $<span>{{config.maxX}}</span> bonus.\r\n\t\t\t\t\t\tEach offer will be a value <strong>between $<span>{{config.minX}}</span> and $<span>{{config.maxX}}</span>.</strong><br/>\r\n\t\t\t\t\t\tFor each offer you will have the choice to ACCEPT or REJECT.</p>\r\n\t\t\t\t\t<p><strong>Payment:</strong></p>\r\n\t\t\t\t\t<p>Each participant will receive their base payment plus a possible bonus of between <span>{{config.minX}}</span> and <span>{{config.maxX}}</span> dollars.\r\n\t\t\t\t\t\tIn order to calculate the bonus, a single offer from a single round will be randomly selected.\r\n\t\t\t\t\t\tLet the value of this offer be $X. If the offer was accepted then the Proposer will receive a bonus of <span>{{config.maxX}}</span>-X dollars\r\n\t\t\t\t\t\tand the Responder will receive a bonus of X dollars. However, if the offer was rejected, then neither the Proposer nor the Responder will receive any bonus.</p>\r\n\t\t\t\t</div>\r\n\t\t\t</div>\r\n\t\t</div>\r\n\t</div>\r\n\r\n</div>\r\n</body>\r\n{% endverbatim %}\r\n</html>\r\n", "name": "Start", "css": "body {\r\n  padding-top: 60px;\r\n}\r\n\r\n", "js": "Redwood.controller(\"SubjectCtrl\", [\"$rootScope\", \"$scope\", \"RedwoodSubject\", function($rootScope, $scope, rs) {\r\n\r\n  var ROLES = $scope.ROLES = {\r\n\t\tP: 0,\r\n\t\tR: 1\r\n\t};\r\n\r\n\tvar $R, $P;\r\n\tvar role;\r\n\r\n\t$scope.state = {};\r\n\t$scope.allResponses = [];\r\n\r\n\r\n\t$scope.propose = function() {\r\n\t\tvar invalid;\r\n\r\n\t\t$scope.oppositeGroup.forEach(function(subjectId, i) {\r\n\t\t\tif(isNaN($scope.offerInputs[i])) {\r\n\t\t\t\tinvalid = invalid || (i + 1);\r\n\t\t\t}\r\n\t\t});\r\n\t\tif(invalid) {\r\n\t\t\talert(\"Please use the slider to specify a value for offer number \" + invalid);\r\n\t\t} else {\r\n\t\t\t$scope.oppositeGroup.forEach(function(subject, i) {\r\n\t\t\t\trs.trigger(\"offer\", {to: subject, value: Number($scope.offerInputs[i])});\r\n\t\t\t});\r\n\t\t\t$scope.state.showInput = false;\r\n\t\t\t$scope.state.message = \"Awaiting responses...\";\r\n\t\t}\r\n\t};\r\n\r\n\t$scope.respond = function() {\r\n\t\tvar invalid;\r\n\t\t$scope.oppositeGroup.forEach(function(subjectId, i) {\r\n\t\t\tif(!$scope.responseInputs[i]) {\r\n\t\t\t\tinvalid = invalid || (i + 1);\r\n\t\t\t}\r\n\t\t});\r\n\t\tif(invalid) {\r\n\t\t\talert(\"Please accept or reject offer \" + invalid);\r\n\t\t} else {\r\n\t\t\t$scope.oppositeGroup.forEach(function(subjectId, i) {\r\n\t\t\t\trs.trigger(\"response\", {to: $scope.offers[i].from, value: $scope.offers[i].value, response: $scope.responseInputs[i] == 'accept'});\r\n\t\t\t});\r\n\t\t\t$scope.state.showInput = false;\r\n\t\t}\r\n\t};\r\n\r\n\trs.on_load(function() {\r\n\r\n\t\t$scope.groups = assignGroups();\r\n\r\n\t\t$scope.state.role = role = rs.self.role;\r\n\t\t$scope.oppositeRole = (role === ROLES.P ? ROLES.R : ROLES.P);\r\n\r\n\t\t$scope.k = $scope.groups[$scope.oppositeRole].length;\r\n\t\t$scope.responses = [];\r\n\r\n\t\t$scope.round = 0;\r\n\r\n\t\t$R = rs.config.$R;\r\n\t\t$P = angular.isArray(rs.config.$P) ? rs.config.$P[rs.self.get(\"rank\")] : rs.config.$P;\r\n\r\n\t\t$scope.$R = (!rs.config.showR && role === ROLES.P) ? 'R' : $R;\r\n\t\t$scope.$P = (!rs.config.showP && role === ROLES.R) ? 'P' : $P;\r\n\t\t$scope.basePay = role === ROLES.P ? '$' + $P : '$' + $R;\r\n\r\n\t\tif(rs.config.showR && role === ROLES.P) {\r\n\t\t\t$scope.oppositeBasePay = '$' + $R;\r\n\t\t} else if(rs.config.showP && role === ROLES.R) {\r\n\t\t\tif(angular.isArray(rs.config.$P)) {\r\n\t\t\t\t$scope.oppositeBasePay = 'See offers';\r\n\t\t\t} else {\r\n\t\t\t\t$scope.oppositeBasePay = '$' + $P;\r\n\t\t\t}\r\n\t\t} else {\r\n\t\t\t$scope.oppositeBasePay = 'Unknown';\r\n\t\t}\r\n\r\n\t\trs.trigger(\"next_round\");\r\n\t});\r\n\r\n\trs.on(\"next_round\", function() {\r\n\t\t$scope.round++;\r\n\t\t$scope.state.message = 'Waiting for other players...';\r\n\r\n\t\tif($scope.responses.length) {\r\n\t\t\t$scope.responses[$scope.responses.length - 1].forEach(function(response) {\r\n\t\t\t\t$scope.allResponses.push(response);\r\n\t\t\t});\r\n\t\t}\r\n\r\n\t\trs.synchronizationBarrier('round-' + $scope.round).then(function() {\r\n\r\n\t\t\tif($scope.round > $scope.k) {\r\n\t\t\t\tif(rs.user_id === rs.subjects[0].user_id) {\r\n\t\t\t\t\tvar match = {\r\n\t\t\t\t\t\tround: Math.floor(Math.random() * $scope.k),\r\n\t\t\t\t\t\tindex: Math.floor(Math.random() * $scope.oppositeGroup.length)\r\n\t\t\t\t\t};\r\n\t\t\t\t\trs.trigger(\"match\", match);\r\n\t\t\t\t}\r\n\t\t\t\treturn;\r\n\t\t\t}\r\n\r\n\t\t\tvar oppositeGroupIndex = (role === ROLES.P ? (rs.self.group + ($scope.round - 1)) % $scope.k : (rs.self.group - ($scope.round - 1) + $scope.k) % $scope.k);\r\n\t\t\t$scope.oppositeGroup = $scope.groups[$scope.oppositeRole][oppositeGroupIndex];\r\n\t\t\t$scope.responses.push([]);\r\n\t\t\tvar responses = $scope.responses[$scope.responses.length - 1];\r\n\r\n\t\t\tif(role === ROLES.P) {\r\n\t\t\t\t$scope.offerInputs = [];\r\n\t\t\t\t$scope.oppositeGroup.forEach(function(subject, i) {\r\n\t\t\t\t\tvar index = (rs.self.index + i) % $scope.oppositeGroup.length;\r\n\t\t\t\t\t$scope.offerInputs.push('?');\r\n\t\t\t\t\tresponses.push({from: $scope.oppositeGroup[index]});\r\n\t\t\t\t});\r\n\t\t\t\tdelete $scope.state.message;\r\n\t\t\t\t$scope.state.showInput = true;\r\n\t\t\t} else {\r\n\t\t\t\t$scope.offers = [];\r\n\t\t\t\t$scope.responseInputs = [];\r\n\t\t\t\t$scope.oppositeGroup.forEach(function(subject, i) {\r\n\t\t\t\t\tvar index = (rs.self.index - i + $scope.oppositeGroup.length) % $scope.oppositeGroup.length;\r\n\t\t\t\t\t$scope.offers.push({from: $scope.oppositeGroup[index]});\r\n\t\t\t\t\tresponses.push({to: $scope.oppositeGroup[index]});\r\n\t\t\t\t});\r\n\t\t\t\t$scope.state.message = 'Awaiting offers...';\r\n\t\t\t}\r\n\t\t});\r\n\t});\r\n\r\n\trs.on('offer', function() {\r\n\t\t$scope.state.showInput = false;\r\n\t\t$scope.state.message = \"Awaiting responses...\";\r\n\t});\r\n\r\n\trs.recv(\"offer\", function(sender, value) {\r\n\t\tif(value.to == rs.user_id) {\r\n\t\t\tvar offer = $scope.offers.filter(function(offer) {\r\n\t\t\t\treturn offer.from == sender;\r\n\t\t\t})[0];\r\n\t\t\toffer.value = value.value;\r\n\t\t\toffer.$P = angular.isArray(rs.config.$P) ? rs.config.$P[rs.subject[offer.from].get(\"rank\")] : $P;\r\n\r\n\t\t\tvar allOffersReceived = !$scope.offers.some(function(offer) {\r\n\t\t\t\treturn angular.isUndefined(offer.value);\r\n\t\t\t});\r\n\t\t\tif(allOffersReceived) {\r\n\t\t\t\tdelete $scope.state.message;\r\n\t\t\t\t$scope.state.showInput = true;\r\n\t\t\t}\r\n\t\t}\r\n\t});\r\n\r\n\trs.on(\"response\", function(value) {\r\n\t\t$scope.state.showInput = false;\r\n\r\n\t\tvar response = $scope.responses[$scope.round - 1].filter(function(response) {\r\n\t\t\treturn response.to == value.to;\r\n\t\t})[0];\r\n\t\tresponse.value = value.value;\r\n\t\tresponse.response = value.response;\r\n\t\tvar allResponsesReceived = !$scope.responses[$scope.round - 1].some(function(response) {\r\n\t\t\treturn angular.isUndefined(response.value);\r\n\t\t});\r\n\t\tif(allResponsesReceived) {\r\n\t\t\trs.trigger(\"next_round\");\r\n\t\t}\r\n\t});\r\n\r\n\trs.recv(\"response\", function(sender, value) {\r\n\t\tif(value.to == rs.user_id) {\r\n\t\t\tdelete $scope.state.message;\r\n\t\t\tvar response = $scope.responses[$scope.round - 1].filter(function(response) {\r\n\t\t\t\treturn response.from == sender;\r\n\t\t\t})[0];\r\n\t\t\tresponse.value = value.value;\r\n\t\t\tresponse.response = value.response;\r\n\t\t\tvar allResponsesReceived = !$scope.responses[$scope.round - 1].some(function(response) {\r\n\t\t\t\treturn angular.isUndefined(response.value);\r\n\t\t\t});\r\n\t\t\tif(allResponsesReceived) {\r\n\t\t\t\trs.trigger(\"next_round\");\r\n\t\t\t}\r\n\t\t}\r\n\t});\r\n\r\n\trs.recv(\"match\", function(sender, value) {\r\n\t\tallocateRewards(value);\r\n\t\trs.next_period();\r\n\t});\r\n\r\n\trs.on(\"match\", function(value) {\r\n\t\tallocateRewards(value);\r\n\t\trs.next_period();\r\n\t});\r\n\r\n\tfunction assignGroups() {\r\n\t\tvar groups = [];\r\n\t\tfor(var role = 0; role < 2; role++) {\r\n\t\t\tgroups.push([]);\r\n\t\t\tvar subjects = rs.subjects.filter(function(subject) {\r\n\t\t\t\treturn subject.get(\"role\") == role;\r\n\t\t\t});\r\n\t\t\tvar groupSize = Math.ceil(subjects.length / rs.config.k);\r\n\t\t\tvar lastGroupSize = subjects.length - ((rs.config.k - 1) * groupSize);\r\n\t\t\tfor(var group = 0; group < rs.config.k; group++) {\r\n\t\t\t\tgroups[role].push([]);\r\n\t\t\t\tfor(var i = 0, il = (group == rs.config.k - 1 ? lastGroupSize : groupSize); i < il; i++) {\r\n\t\t\t\t\tgroups[role][group].push(subjects[group * groupSize + i].user_id);\r\n\t\t\t\t\trs.subject[groups[role][group][i]].role = role;\r\n\t\t\t\t\trs.subject[groups[role][group][i]].group = group;\r\n\t\t\t\t\trs.subject[groups[role][group][i]].index = i;\r\n\t\t\t\t}\r\n\t\t\t}\r\n\t\t}\r\n\t\treturn groups;\r\n\t}\r\n\r\n\tvar allocateRewards = function(match) {\r\n\t\tif(role == ROLES.P) {\r\n\t\t\tvar payment = $P;\r\n\t\t\tif($scope.responses[match.round][match.index].response) {\r\n\t\t\t\tpayment += (rs.config.maxX - $scope.responses[match.round][match.index].value);\r\n\t\t\t}\r\n\t\t\trs.add_points(payment);\r\n\t\t} else {\r\n\t\t\tvar payment = $R;\r\n\t\t\tif($scope.responses[match.round][match.index].response) {\r\n\t\t\t\tpayment += $scope.responses[match.round][match.index].value;\r\n\t\t\t}\r\n\t\t\trs.add_points(payment);\r\n\t\t}\r\n\t\trs.set(\"responses\", $scope.responses);\r\n\t\trs.set(\"selected_offer\", match);\r\n\t};\r\n\r\n}])\r\n\r\n\t.directive('slider', ['$timeout', 'RedwoodSubject', function($timeout, rs) {\r\n\t\treturn {\r\n\t\t\trestrict: 'E',\r\n\t\t\treplace: true,\r\n\t\t\ttemplate:\r\n\t\t\t\t'<div>' +\r\n\t\t\t\t\t'<div class=\"slider\"></div>' +\r\n\t\t\t\t\t'<div class=\"slider-min\" style=\"display:inline-block; text-align:left;\">${{(0).toFixed(2)}}</div>' +\r\n\t\t\t\t\t'<div class=\"slider-max\" style=\"display:inline-block; text-align:right;\">${{config.maxX.toFixed(2)}}</div>' +\r\n\t\t\t\t'</div>',\r\n\t\t\tlink: function($scope, elem, attr) {\r\n\t\t\t\tvar $slider = $(elem).find('.slider');\r\n\r\n\t\t\t\t$slider.slider({\r\n\t\t\t\t\tmin: 0, max: rs.config.maxX,\r\n\t\t\t\t\tstep: 0.1,\r\n\t\t\t\t\tslide: function(event, ui) {\r\n\t\t\t\t\t\tif(ui.value < rs.config.minX) {\r\n\t\t\t\t\t\t\t$slider.slider(\"value\", rs.config.minX);\r\n\t\t\t\t\t\t\tui.value = rs.config.minX;\r\n\t\t\t\t\t\t\tevent.preventDefault();\r\n\t\t\t\t\t\t}\r\n\t\t\t\t\t\t$scope.$apply(function() {\r\n\t\t\t\t\t\t\t$scope.offerInputs[$scope.$index] = ui.value.toFixed(2);\r\n\t\t\t\t\t\t});\r\n\t\t\t\t\t},\r\n\t\t\t\t\tstop: function(event, ui) {\r\n\t\t\t\t\t\tif(ui.value < rs.config.minX) {\r\n\t\t\t\t\t\t\t$slider.slider(\"value\", rs.config.minX);\r\n\t\t\t\t\t\t}\r\n\t\t\t\t\t},\r\n\t\t\t\t\tchange: function() {\r\n\t\t\t\t\t\t$slider.find(\".ui-slider-handle\").show();\r\n\t\t\t\t\t}\r\n\t\t\t\t});\r\n\r\n\t\t\t\t$timeout(function() {\r\n\t\t\t\t\t$(elem).find('.slider-min').css('width', $slider.outerWidth() / 2 + 'px');\r\n\t\t\t\t\t$(elem).find('.slider-max').css('width', $slider.outerWidth() / 2 + 'px');\r\n\t\t\t\t});\r\n\r\n\t\t\t\t$slider.find('.ui-slider-handle').hide();\r\n\r\n\t\t\t}\r\n\t\t};\r\n\r\n\t}])\r\n\r\n\t.filter('response', function() {\r\n\t\treturn function(response) {\r\n\t\t\treturn response ? \"Accepted\" : \"Rejected\";\r\n\t\t}\r\n\t})\r\n\t.filter('role', function() {\r\n\t\treturn function(role) {\r\n\t\t\tif(role === 0) return 'Proposer';\r\n\t\t\tif(role === 1) return 'Responder';\r\n\t\t}\r\n\t});"}}, {"pk": 82, "model": "expecon.page", "fields": {"experiment": 25, "html": "{% load verbatim %}\r\n<!DOCTYPE HTML>\r\n<html ng-app=\"Redwood\">\r\n<head>\r\n  <title>Finish</title>\r\n\t<script type=\"text/javascript\" src=\"{{ STATIC_URL }}framework/js/lib/jquery/jquery.min.js\"></script>\r\n  <script type=\"text/javascript\" src=\"{{ STATIC_URL }}framework/js/lib/bootstrap/bootstrap-3.1.1.min.js\"></script>\r\n  <script type=\"text/javascript\" src=\"{{ STATIC_URL }}framework/js/lib/angular/angular-1.2.16.js\"></script>\r\n  <script type=\"text/javascript\" src=\"{{ STATIC_URL }}framework/js/redwoodCore.js\"></script>\r\n  <script type=\"text/javascript\" src=\"{{ STATIC_URL }}framework/js/redwoodHelpers.js\"></script>\r\n  <script type=\"text/javascript\" src=\"{{ STATIC_URL }}framework/js/redwoodSubject.js\"></script>\r\n\t<link type=\"text/css\" rel=\"stylesheet\" href=\"{{ STATIC_URL }}framework/css/bootstrap-3.1.1.min.css\"></link>\r\n  \r\n  <script type=\"text/javascript\">\r\n\t\tvar IMAGE_URL = \"{{ STATIC_URL }}/img/Ultimatum\";\r\n\t\t{{ js }}\r\n\t</script>\r\n\t<style type=\"text/css\">\r\n\t\t{{ css }}\r\n\t</style>\r\n</head>\r\n{% verbatim %}\r\n<body>\r\n<div ng-controller=\"SubjectCtrl\">\r\n\r\n  <div class=\"navbar navbar-fixed-top container\">\r\n\t\t<div class=\"navbar navbar-default\" style=\"margin-bottom: 0;\">\r\n\t\t\t<div class=\"navbar-brand\" href=\"#\">Interactive Decision Making Experiment</div>\r\n\t\t\t<ul class=\"nav navbar-nav\">\r\n\t\t\t\t<li class=\"active\">\r\n\t\t\t\t\t<a>User ID: <span>{{$root.user_id}}</span></a>\r\n\t\t\t\t</li>\r\n\t\t\t</ul>\r\n\t\t\t<div class=\"navbar-right\">\r\n\r\n\t\t\t</div>\r\n\t\t</div>\r\n\t</div>\r\n\r\n\t<div class=\"container\">\r\n\t\t<div class=\"row\">\r\n\t\t\t<div class=\"col-lg-3\">\r\n\t\t\t\t<div class=\"well sidebar-nav\">\r\n\t\t\t\t\t<ul class=\"nav nav-list\">\r\n\t\t\t\t\t\t<li>Payment: <span class=\"badge badge-success\">{{totalPoints | number:2}}</span></li>\r\n\t\t\t\t\t</ul>\r\n\t\t\t\t</div>\r\n\t\t\t</div>\r\n\t\t\t<div class=\"col-lg-9\">\r\n\t\t\t\t<div ng-show=\"state.included\">\r\n\t\t\t\t\t<div class=\"row\">\r\n\t\t\t\t\t\t<div class=\"col-lg-9\">\r\n\t\t\t\t\t\t\t<div class=\"row\" ng-repeat=\"round in responses\">\r\n\t\t\t\t\t\t\t\t<div class='col-lg-9'>\r\n\t\t\t\t\t\t\t\t\tRound: {{$index + 1}}\r\n\t\t\t\t\t\t\t\t\t<table class=\"table table-bordered table-condensed\">\r\n\t\t\t\t\t\t\t\t\t\t<tr><th>Offer</th><th>Value</th><th>Response</th></tr>\r\n\t\t\t\t\t\t\t\t\t\t<tr ng-repeat=\"offer in round\" ng-class=\"{'success': $parent.$index === selectedOffer.round && $index === selectedOffer.index}\">\r\n\t\t\t\t\t\t\t\t\t\t\t<td>{{$index + 1}}</td><td>${{offer.value}}</td>\r\n\t\t\t\t\t\t\t\t\t\t\t<td ng-class=\"{'text-success': offer.response, 'text-danger': !offer.response}\">{{offer.response | response}}</td>\r\n\t\t\t\t\t\t\t\t\t\t</tr>\r\n\t\t\t\t\t\t\t\t\t</table>\r\n\t\t\t\t\t\t\t\t</div>\r\n\t\t\t\t\t\t\t</div>\r\n\t\t\t\t\t\t</div>\r\n\t\t\t\t\t</div>\r\n\t\t\t\t\t<div class=\"row\">\r\n\t\t\t\t\t\t<hr/>\r\n\t\t\t\t\t\t<div class=\"col-lg-9\">\r\n\t\t\t\t\t\t\tThe offer that counts for payment is offer number {{selectedOffer.index + 1}}\r\n\t\t\t\t\t\t\tin round {{selectedOffer.round + 1}} of ${{response.value | number:2}}\r\n\t\t\t\t\t\t\twhich was {{response.response | response}}.\r\n\t\t\t\t\t\t\tTherefore your payment is ${{totalPoints | number:2}}.\r\n\t\t\t\t\t\t</div>\r\n\t\t\t\t\t</div>\r\n\t\t\t\t</div>\r\n\t\t\t\t<div ng-show=\"state.excluded\">\r\n\t\t\t\t\tUnfortunately your estimate was not close enough to become a Proposer or a Responder.\r\n\t\t\t\t\tYou will receive a $<span>{{totalPoints | number:2}}</span> base payment and will not partake in the second round of the experiment.\r\n\t\t\t\t</div>\r\n\t\t\t</div>\r\n\t\t</div>\r\n\t\t<div class=\"row\">\r\n\t\t\t<div class=\"col-lg-12\">\r\n\t\t\t\t<hr/>\r\n\t\t\t</div>\r\n\t\t</div>\r\n\t</div>\r\n\r\n</div>\r\n</body>\r\n{% endverbatim %}\r\n</html>\r\n", "name": "Finish", "css": "body {\r\n  padding-top: 60px;\r\n}\r\n\r\n", "js": "Redwood.controller(\"SubjectCtrl\", [\"$rootScope\", \"$scope\", \"RedwoodSubject\", function($rootScope, $scope, rs) {\r\n\r\n  $scope.state = {};\r\n\r\n\trs.on_load(function() {\r\n\t\tif(rs.self.get(\"excluded\")) {\r\n\t\t\t$scope.state.excluded = true;\r\n\t\t} else {\r\n\t\t\t$scope.state.included = true;\r\n\t\t\t$scope.responses = rs.self.get(\"responses\");\r\n\t\t\t$scope.selectedOffer = rs.self.get('selected_offer');\r\n\t\t\t$scope.response = $scope.responses[$scope.selectedOffer.round][$scope.selectedOffer.index];\r\n\t\t}\r\n\t});\r\n\r\n}])\r\n\t.filter('response', function() {\r\n\t\treturn function(response) {\r\n\t\t\treturn response ? 'Accepted' : 'Rejected';\r\n\t\t}\r\n\t});"}}]