[{"pk": 1, "model": "expecon.experiment", "fields": {"name": "Discrete Matrix", "admin_css": ".badge {\r\n  font-size: 13px;\r\n  line-height: 18px;\r\n  padding: 4px 10px 4px;\r\n  vertical-align: middle;\r\n}\r\n\r\n.warning {\r\n  background-color: #fcf8e3 !important;\r\n}", "comments": "", "experimenter": 1, "admin_html": "<!DOCTYPE HTML>\r\n<html ng-app=\"Redwood\">\r\n<head>\r\n  <title>Economics Experiment</title>\r\n  <script type=\"text/javascript\" src=\"{{ STATIC_URL }}js/jquery.min.js\"></script>\r\n\t<script type=\"text/javascript\" src=\"{{ STATIC_URL }}js/jquery.cookie.js\"></script>\r\n  <script type=\"text/javascript\" src=\"{{ STATIC_URL }}angular/angular-1.3.0-beta.6.js\"></script>\r\n\t<script type=\"text/javascript\" src=\"{{ STATIC_URL }}js/redwood2.js\"></script>\r\n\t<script type=\"text/javascript\" src=\"{{ STATIC_URL }}js/redwood2_helpers.js\"></script>\r\n\t<script type=\"text/javascript\" src=\"{{ STATIC_URL }}js/redwood2_admin.js\"></script>\r\n\t<link type=\"text/css\" rel=\"stylesheet\" href=\"{{ STATIC_URL }}css/bootstrap.min.css\"></link>\r\n\t<script type=\"text/javascript\">\r\n\t\t{{ js }}\r\n\t</script>\r\n\t<style type=\"text/css\">\r\n\t\t{{ css }}\r\n\t</style>\r\n</head>\r\n<body ng-controller=\"AdminCtrl\" style=\"padding-top:60px;\">\r\n\r\n<div class=\"navbar navbar-fixed-top container\">\r\n\t<div class=\"navbar-inner\">\r\n\t\t<div class=\"container-fluid\">\r\n\t\t\t<div class=\"brand\" href=\"#\">Economics Experiment</div>\r\n\t\t\t<div class=\"nav-collapse collapse\">\r\n\t\t\t\t<p class=\"navbar-text pull-right\">Administrator</p>\r\n\t\t\t</div>\r\n\t\t</div>\r\n\t</div>\r\n</div>\r\n\r\n<div class=\"container\">\r\n\t<div class=\"row\">\r\n\t\t<div class=\"span3\">\r\n\t\t\t<div class=\"row\">\r\n\t\t\t\t<div class=\"span3\">\r\n\t\t\t\t\t<div class=\"well sidebar-nav\">\r\n\t\t\t\t\t\t<ul class=\"nav nav-list\">\r\n\t\t\t\t\t\t\t<li><span id=\"router-status\" class=\"badge badge-important\"></span></li>\r\n\t\t\t\t\t\t</ul>\r\n\t\t\t\t\t</div>\r\n\t\t\t\t</div>\r\n\t\t\t</div>\r\n\t\t\t<div class=\"row\">\r\n\t\t\t\t<div class=\"span3\">\r\n\t\t\t\t\t<div class=\"well sidebar-nav\">\r\n\t\t\t\t\t\t<ul class=\"nav nav-list\">\r\n\t\t\t\t\t\t\t<li><a href=\"admin/payouts\" target=\"_blank\">View Payouts</a></li>\r\n\t\t\t\t\t\t\t<li><a id=\"archive\" href=\"#\">Archive Session</a></li>\r\n\t\t\t\t\t\t\t<li><a id=\"download\" href=\"admin/download\">Download Data</a></li>\r\n\t\t\t\t\t\t</ul>\r\n\t\t\t\t\t</div>\r\n\t\t\t\t</div>\r\n\t\t\t</div>\r\n\t\t</div>\r\n\t\t<div class=\"span9\">\r\n\t\t\t<div class=\"row\">\r\n\t\t\t\t<div class=\"span9\">\r\n\t\t\t\t\t<p>Subjects:</p>\r\n\t\t\t\t\t<table class=\"table table-bordered table-condensed table-striped\">\r\n\t\t\t\t\t\t<thead>\r\n\t\t\t\t\t\t<tr><th>ID</th><th>Group</th><th>Period</th><th style=\"width: 150px;\"></th></tr>\r\n\t\t\t\t\t\t</thead>\r\n\t\t\t\t\t\t<tbody id=\"subject-list\">\r\n\t\t\t\t\t\t</tbody>\r\n\t\t\t\t\t</table>\r\n\t\t\t\t</div>\r\n\t\t\t</div>\r\n\t\t\t<div class=\"row\">\r\n\t\t\t\t<div class=\"span6\">\r\n\t\t\t\t\t<button id=\"start-session\" class=\"btn btn-success\">Start Session</button>\r\n\t\t\t\t\t<button id=\"reset-session\" class=\"btn btn-danger\">Reset Session</button>\r\n\t\t\t\t</div>\r\n\t\t\t\t<div class=\"span3\">\r\n\t\t\t\t\t<div class=\"pull-right\">\r\n\t\t\t\t\t\t<button id=\"pause-session\" class=\"btn btn-warning\" disabled=\"disabled\">Pause</button>\r\n\t\t\t\t\t\t<button id=\"resume-session\" class=\"btn btn-primary\" disabled=\"disabled\">Resume</button>\r\n\t\t\t\t\t</div>\r\n\t\t\t\t</div>\r\n\t\t\t</div>\r\n\t\t</div>\r\n\t</div>\r\n\t<div class=\"row\">\r\n\t\t<div class=\"span12\">\r\n\t\t\t<hr/>\r\n\t\t\t<p>Configuration:</p>\r\n\t\t\t<input type=\"file\" data-load-config />\r\n\t\t\t<div style=\"overflow: auto;\">\r\n\t\t\t\t<table class=\"config table table-bordered table-striped table-condensed\"></table>\r\n\t\t\t</div>\r\n\t\t</div>\r\n\t</div>\r\n</div>\r\n\r\n</body>\r\n</html>\r\n", "admin_js": "\r\nRedwood.controller(\"AdminCtrl\", [\"$rootScope\", \"$scope\", \"Admin\", function($rootScope, $scope, ra) {\r\n  var Display = { //Display controller\r\n\r\n  \tinitialize: function() {\r\n\t\t\t$(\"#start-session\").click(function () {\r\n\t\t\t\t$(\"#start-session\").attr(\"disabled\", \"disabled\");\r\n\t\t\t\tra.trigger(\"start_session\");\r\n\t\t\t});\r\n\r\n\t\t\tra.on(\"start_session\", function() {\r\n\t\t\t\t$(\"#start-session\").attr(\"disabled\", \"disabled\");\r\n\t\t\t\t$(\"#pause-session\").removeAttr(\"disabled\");\r\n\t\t\t});\r\n\r\n\t\t\t$(\"#reset-session\").click(function () {\r\n\t\t\t\tra.reset();\r\n\t\t\t});\r\n\r\n\t\t\t$(\"#pause-session\").click(function () {\r\n\t\t\t\t$(\"#pause-session\").attr(\"disabled\", \"disabled\");\r\n\t\t\t\tra.trigger(\"pause\");\r\n\t\t\t});\r\n\t\t\tra.on(\"pause\", function() {\r\n\t\t\t\t$(\"#pause-session\").attr(\"disabled\", \"disabled\");\r\n\t\t\t});\r\n\r\n\t\t\t$(\"#resume-session\").click(function () {\r\n\t\t\t\t$(\"#resume-session\").attr(\"disabled\", \"disabled\");\r\n\t\t\t\tra.trigger(\"resume\");\r\n\t\t\t});\r\n\t\t\tra.on(\"resume\", function() {\r\n\t\t\t\t$(\"#resume-session\").attr(\"disabled\", \"disabled\");\r\n\t\t\t\t$(\"#pause-session\").removeAttr(\"disabled\");\r\n\t\t\t});\r\n\r\n\t\t\tra.on_subject_paused(function(userId) {\r\n\t\t\t\t$(\"#pause-session\").attr(\"disabled\", \"disabled\");\r\n\t\t\t\t$(\"tr.subject-\" + userId).addClass(\"warning\"); //Display current period for each user\r\n\t\t\t\t$(\"tr.subject-\" + userId + \" :nth-child(4)\").text(\"Paused\"); //Display current period for each user\r\n\t\t\t});\r\n\r\n\t\t\tra.on_all_paused(function() {\r\n\t\t\t\t$(\"#resume-session\").removeAttr(\"disabled\");\r\n\t\t\t});\r\n\r\n\t\t\tra.on_subject_resumed(function(user) {\r\n\t\t\t\t$(\"tr.subject-\" + user).removeClass(\"warning\"); //Display current period for each user\r\n\t\t\t\t$(\"tr.subject-\" + user + \" :nth-child(4)\").text(\"\"); //Display current period for each user\r\n\t\t\t});\r\n\r\n\t\t\t$(\"#archive\").click(function () {\r\n\t\t\t\tvar r = confirm(\"Are you sure you want to archive this session?\");\r\n\t\t\t\tif(r == true) {\r\n\t\t\t\t\tra.delete_session();\r\n\t\t\t\t}\r\n\t\t\t});\r\n\r\n\t\t\tra.on_router_connected(function(connected) { //Display router connection status\r\n\t\t\t\tvar status = $(\"#router-status\");\r\n\t\t\t\tif (connected) {\r\n\t\t\t\t\tstatus.text(\"Router Connected\");\r\n\t\t\t\t\tstatus.removeClass(\"badge-important\");\r\n\t\t\t\t\tstatus.addClass(\"badge-success\");\r\n\t\t\t\t} else {\r\n\t\t\t\t\tstatus.text(\"Router Disconnected\");\r\n\t\t\t\t\tstatus.removeClass(\"badge-success\");\r\n\t\t\t\t\tstatus.addClass(\"badge-important\");\r\n\t\t\t\t}\r\n\t\t\t});\r\n\r\n\t\t\tra.on_set_period(function(user, period) {\r\n\t\t\t\t$(\"tr.subject-\" + user + \" :nth-child(3)\").text(period); //Display current period for each user\r\n\t\t\t});\r\n\r\n\t\t\tra.on_set_group(function(user, group) {\r\n\t\t\t\t$(\"tr.subject-\" + user + \" :nth-child(2)\").text(group); //Display group for each user\r\n\t\t\t});\r\n\r\n\t\t\tra.on_register(function(user) { //Add a row to the table to each user\r\n\t\t\t\t$(\"#subject-list\").empty();\r\n\t\t\t\tfor(var i = 0, l = ra.subjects.length; i < l; i++) {\r\n\t\t\t\t\t$(\"#subject-list\").append($(\"<tr>\").addClass(\"subject-\" + ra.subjects[i].user_id).append(\r\n\t\t\t\t\t\t$(\"<td>\").text(ra.subjects[i].user_id).after(\r\n\t\t\t\t\t\t\t$(\"<td>\").text(0).after(\r\n\t\t\t\t\t\t\t\t$(\"<td>\").text(0).after(\r\n\t\t\t\t\t\t\t\t\t$(\"<td>\").text(\"\"))))));\r\n\t\t\t\t}\r\n\t\t\t});\r\n\r\n\t\t\tra.on_set_config(function(config) { //Display the config file\r\n\t\t\t\t$(\"table.config\").empty();\r\n\t\t\t\tvar a = $.csv.toArrays(config);\r\n\t\t\t\tfor (var i = 0; i < a.length; i++) {\r\n\t\t\t\t\tvar row = a[i];\r\n\t\t\t\t\tvar tr = $(\"<tr>\");\r\n\t\t\t\t\tfor (var j = 0; j < row.length; j++) {\r\n\t\t\t\t\t\tvar cell = row[j];\r\n\t\t\t\t\t\tvar td = $((i == 0 ? \"<th>\" : \"<td>\")).text(cell);\r\n\t\t\t\t\t\ttr.append(td);\r\n\t\t\t\t\t}\r\n\t\t\t\t\t$(\"table.config\").append(tr);\r\n\t\t\t\t}\r\n\t\t\t});\r\n\t\t}\r\n\t};\r\n\r\n\r\n\tvar resetGroups = function() {\r\n\t\tvar config = ra.get_config(1, 0);\r\n\t\tfor (var i = 0; i < ra.subjects.length; i++) { //set all subjects to group 1 (this is so that matching can be changed per period)\r\n\t\t\tif($.isArray(config.groups)) {\r\n\t\t\t\tfor(var groupId = 0; groupId < config.groups.length; groupId++) {\r\n\t\t\t\t\tif($.isArray(config.groups[groupId])) {\r\n\t\t\t\t\t\tif(config.groups[groupId].contains(ra.subjects[i].user_id)) { //Nested group array\r\n\t\t\t\t\t\t\tra.set_group(groupId + 1, ra.subjects[i].user_id);\r\n\t\t\t\t\t\t}\r\n\t\t\t\t\t} else {\r\n\t\t\t\t\t\tra.set_group(1, ra.subjects[i].user_id);\r\n\t\t\t\t\t}\r\n\t\t\t\t}\r\n\t\t\t} else {\r\n\t\t\t\tra.set_group(1, ra.subjects[i].user_id);\r\n\t\t\t}\r\n\t\t}\r\n\t}\r\n\r\n\tDisplay.initialize();\r\n\r\n\tra.on_load(function () {\r\n\t\tresetGroups(); //Assign groups to users\r\n\t});\r\n\r\n\tra.on_register(function(user) { //Add a row to the table to each user\r\n\t\tresetGroups();\r\n\t});\r\n\r\n\tra.on(\"start_session\", function() {\r\n\t\tra.start_session();\r\n\t});\r\n\r\n\tra.on(\"pause\", function() {\r\n\t\tra.pause();\r\n\t});\r\n\r\n\tra.on(\"resume\", function() {\r\n\t\tra.resume();\r\n\t});\r\n\r\n}]);\r\n", "rt_js": ""}}, {"pk": 1, "model": "expecon.page", "fields": {"experiment": 1, "html": "{% load verbatim %}\r\n<!DOCTYPE HTML>\r\n<html ng-app=\"Redwood\">\r\n<head>\r\n  <title>Wait</title>\r\n  <script type=\"text/javascript\" src=\"{{ STATIC_URL }}js/jquery.min.js\"></script>\r\n\t<script type=\"text/javascript\" src=\"{{ STATIC_URL }}flot/jquery.flot.js\"></script>\r\n\t<script type=\"text/javascript\" src=\"{{ STATIC_URL }}flot/jquery.flot.dashes.js\"></script>\r\n\t<script type=\"text/javascript\" src=\"{{ STATIC_URL }}js/jquery-ui-1.10.3.custom.js\"></script>\r\n  <script type=\"text/javascript\" src=\"{{ STATIC_URL }}angular/angular-1.3.0-beta.6.js\"></script>\r\n\t<script type=\"text/javascript\" src=\"{{ STATIC_URL }}js/redwood2.js\"></script>\r\n\t<script type=\"text/javascript\" src=\"{{ STATIC_URL }}js/redwood2_helpers.js\"></script>\r\n\t<script type=\"text/javascript\" src=\"{{ STATIC_URL }}js/redwood2_subject.js\"></script>\r\n\t<link type=\"text/css\" rel=\"stylesheet\" href=\"{{ STATIC_URL }}css/bootstrap.min.css\"></link>\r\n\t<link type=\"text/css\" rel=\"stylesheet\" href=\"{{ STATIC_URL }}css/ui-lightness/jquery-ui-1.10.3.custom.css\"></link>\r\n\t<script type=\"text/javascript\">\r\n\t\tvar IMAGE_URL = \"{{ STATIC_URL }}/img/Ultimatum\";\r\n\t\t{{ js }}\r\n\t</script>\r\n\t<style type=\"text/css\">\r\n\t\t{{ css }}\r\n\t</style>\r\n</head>\r\n{% verbatim %}\r\n<body ng-controller=\"SubjectCtrl\" style=\"padding-top:60px;\">\r\n\t\r\n\t<div class=\"navbar navbar-fixed-top container\">\r\n\t\t<div class=\"navbar-inner\">\r\n\t\t\t<div class=\"container-fluid\">\r\n\t\t\t\t<div class=\"brand\" href=\"#\">Economics Experiment</div>\r\n\t\t\t\t<div class=\"nav-collapse collapse\">\r\n\t\t\t\t\t<p class=\"navbar-text pull-right\">\r\n\t\t\t\t\t\tUser ID: <span class=\"navbar-link\">{{$root.user_id}}</span>\r\n\t\t\t\t\t</p>\r\n\t\t\t\t</div>\r\n\t\t\t</div>\r\n\t\t</div>\r\n\t</div>\r\n\t\r\n\t<div class=\"container\">\r\n\t\t<div class=\"row\">\r\n\t\t\t<div class=\"span12\">\r\n\t\t\t\tPlease wait for experiment to start...\r\n\t\t\t</div>\r\n\t\t</div>\r\n\t</div>\r\n</body>\r\n{% endverbatim %}\r\n</html>\r\n", "name": "Wait", "css": "", "js": "Redwood.controller(\"SubjectCtrl\", [\"$rootScope\", \"$scope\", \"Subject\", function($rootScope, $scope, rs) {\r\n  rs.on_load(function() { //called once the page has loaded for a new sub period\r\n  \trs.next_period();\r\n\t});\r\n}]);"}}, {"pk": 2, "model": "expecon.page", "fields": {"experiment": 1, "html": "{% load verbatim %}\r\n<!DOCTYPE HTML>\r\n<html ng-app=\"Redwood\">\r\n<head>\r\n  <title>Start</title>\r\n\t<script type=\"text/javascript\" src=\"{{ STATIC_URL }}js/jquery.min.js\"></script>\r\n\t<script type=\"text/javascript\" src=\"{{ STATIC_URL }}flot/jquery.flot.js\"></script>\r\n\t<script type=\"text/javascript\" src=\"{{ STATIC_URL }}flot/jquery.flot.dashes.js\"></script>\r\n  <script type=\"text/javascript\" src=\"{{ STATIC_URL }}angular/angular-1.3.0-beta.6.js\"></script>\r\n\t<script type=\"text/javascript\" src=\"{{ STATIC_URL }}js/redwood2.js\"></script>\r\n\t<script type=\"text/javascript\" src=\"{{ STATIC_URL }}js/redwood2_helpers.js\"></script>\r\n\t<script type=\"text/javascript\" src=\"{{ STATIC_URL }}js/redwood2_subject.js\"></script>\r\n\t<link type=\"text/css\" rel=\"stylesheet\" href=\"{{ STATIC_URL }}css/bootstrap.min.css\"></link>\r\n\t<script type=\"text/javascript\">\r\n\t\tvar IMAGE_URL = \"{{ STATIC_URL }}/img/Discrete Matrix\";\r\n\t\t{{ js }}\r\n\t</script>\r\n\t<style type=\"text/css\">\r\n\t\t{{ css }}\r\n\t</style>\r\n</head>\r\n\r\n{% verbatim %}\r\n<body ng-controller=\"SubjectCtrl\" style=\"padding-top:60px;\">\r\n\t\r\n\t<div class=\"navbar navbar-fixed-top container\">\r\n\t\t<div class=\"navbar-inner\">\r\n\t\t\t<div class=\"container-fluid\">\r\n\t\t\t\t<div class=\"brand\" href=\"#\">Economics Experiment</div>\r\n\t\t\t\t<div class=\"nav-collapse collapse\">\r\n\t\t\t\t\t<p class=\"navbar-text pull-right\">\r\n\t\t\t\t\t\tUser ID: <span class=\"navbar-link\">{{$root.user_id}}</span>\r\n\t\t\t\t\t</p>\r\n\t\t\t\t</div>\r\n\t\t\t</div>\r\n\t\t</div>\r\n\t</div>\r\n\t\r\n\t\r\n\t<div class=\"container\">\r\n\t\t<div class=\"row\">\r\n\t\t\t<div class=\"span3\">\r\n\t\t\t\t<div class=\"well sidebar-nav\">\r\n\t\t\t\t\t<ul class=\"nav nav-list\">\r\n\t\t\t\t\t\t<li>Period:<span class=\"pull-right\">{{$root.period}}</span></li>\r\n\t\t\t\t\t\t<li>Round: <span id=\"round\" class=\"pull-right\"></span></li>\r\n\t\t\t\t\t\t<li>Total Reward:<span class=\"pull-right\">{{$root.totalPoints}}</span></li>\r\n\t\t\t\t\t</ul>\r\n\t\t\t\t</div>\r\n\t\t\t</div>\r\n\t\t\t<div class=\"span9\">\r\n\t\t\t\t<div class=\"row\">\r\n\t\t\t\t\t<div id=\"input\" class=\"span2\"></div>\r\n\t\t\t\t\t<div id=\"input\" class=\"span5\">\r\n\t\t\t\t\t\t<table class=\"table table-bordered table-condensed\">\r\n\t\t\t\t\t\t\t<tr style=\"height:40px; text-align:center; vertical-align:middle;\">\r\n\t\t\t\t\t\t\t\t<td style=\" text-align:center; vertical-align:middle;\"></td>\r\n\t\t\t\t\t\t\t\t<td id=\"action-10\" style=\"text-align:center; vertical-align:middle;\"></td>\r\n\t\t\t\t\t\t\t\t<td id=\"action-11\" style=\"text-align:center; vertical-align:middle;\"></td>\r\n\t\t\t\t\t\t\t</tr>\r\n\t\t\t\t\t\t\t<tr style=\"height:40px;\">\r\n\t\t\t\t\t\t\t\t<td id=\"action-00\" style=\"font-weight:bold; text-align:center; vertical-align:middle;\"></td>\r\n\t\t\t\t\t\t\t\t<td id=\"matrix-00\" style=\"text-align:center; vertical-align:middle;\"></td>\r\n\t\t\t\t\t\t\t\t<td id=\"matrix-01\" style=\"text-align:center; vertical-align:middle;\"></td>\r\n\t\t\t\t\t\t\t</tr>\r\n\t\t\t\t\t\t\t<tr style=\"height:40px;\">\r\n\t\t\t\t\t\t\t\t<td id=\"action-01\" style=\"font-weight:bold; text-align:center; vertical-align:middle;\"></td>\r\n\t\t\t\t\t\t\t\t<td id=\"matrix-10\" style=\"text-align:center; vertical-align:middle;\"></td>\r\n\t\t\t\t\t\t\t\t<td id=\"matrix-11\" style=\"text-align:center; vertical-align:middle;\"></td>\r\n\t\t\t\t\t\t\t</tr>\r\n\t\t\t\t\t\t</table>\r\n\t\t\t\t\t</div>\r\n\t\t\t\t\t<div id=\"input\" class=\"span2\"></div>\r\n\t\t\t\t</div>\r\n\t\t\t\t<div class=\"row\">\r\n\t\t\t\t\t<div id=\"input\" class=\"span2\"></div>\r\n\t\t\t\t\t<div class=\"span5\">\r\n\t\t\t\t\t\t<button id=\"confirm-button\" class=\"btn btn-success\" disabled=\"disabled\">Ready</button>\r\n\t\t\t\t\t</div>\r\n\t\t\t\t\t<div id=\"input\" class=\"span2\"></div>\r\n\t\t\t\t</div>\r\n\t\t\t\t<div class=\"row\">\r\n\t\t\t\t\t<div id=\"input\" class=\"span2\"></div>\r\n\t\t\t\t\t<div class=\"span5\">\r\n\t\t\t\t\t\t<hr style=\"margin-top:20px;\"/>\r\n\t\t\t\t\t\t<p>Previous Round:</p>\r\n\t\t\t\t\t\t<table class=\"table table-bordered table-condensed\">\r\n\t\t\t\t\t\t\t<tr>\r\n\t\t\t\t\t\t\t\t<td style=\"width:80px; height: 30px;\"></td>\r\n\t\t\t\t\t\t\t\t<td style=\"width:80px; height: 30px;\">Action</td>\r\n\t\t\t\t\t\t\t\t<td style=\"width:80px; height: 30px;\">Reward</td>\r\n\t\t\t\t\t\t\t</tr>\r\n\t\t\t\t\t\t\t<tr style=\"font-weight:bold;\">\r\n\t\t\t\t\t\t\t\t<td style=\"width:80px; height: 30px;\">You</td>\r\n\t\t\t\t\t\t\t\t<td id=\"prev-action-0\" style=\"width:80px; height: 30px;\">-</td>\r\n\t\t\t\t\t\t\t\t<td id=\"prev-reward-0\" style=\"width:80px; height: 30px;\">-</td>\r\n\t\t\t\t\t\t\t</tr>\r\n\t\t\t\t\t\t\t<tr>\r\n\t\t\t\t\t\t\t\t<td style=\"width:30px; height: 30px;\">Counterpart</td>\r\n\t\t\t\t\t\t\t\t<td id=\"prev-action-1\" style=\"width:80px; height: 30px;\">-</td>\r\n\t\t\t\t\t\t\t\t<td id=\"prev-reward-1\" style=\"width:80px; height: 30px;\">-</td>\r\n\t\t\t\t\t\t\t</tr>\r\n\t\t\t\t\t\t</table>\r\n\t\t\t\t\t</div>\r\n\t\t\t\t\t<div id=\"input\" class=\"span2\"></div>\r\n\t\t\t\t</div>\r\n\t\t\t</div>\r\n\t\t</div>\r\n\t\t<div class=\"row\">\r\n\t\t\t<hr style=\"margin-top:20px;\"/>\r\n\t\t\t<div class=\"span12\" id=\"footer\">\r\n\t\t\t</div>\r\n\t\t</div>\r\n\t</div>\r\n</body>\r\n{% endverbatim %}\r\n</html>\r\n", "name": "Start", "css": " .no-transition:hover{\r\n   -webkit-transition: none;\r\n   background-position: 0 0;\r\n }", "js": "Redwood.controller(\"SubjectCtrl\", [\"$rootScope\", \"$scope\", \"Subject\", function($rootScope, $scope, rs) {\r\n\r\n  var state = {}; //State object\r\n  \r\n  var Display = { //Display controller\r\n  \r\n    YOU: 0, //Constants\r\n  \tPARTNER: 1,\r\n  \r\n  \tActions: { //Action enum\r\n  \t\t1: \"A\",\r\n  \t\t2: \"B\"\r\n  \t},\r\n  \r\n  \tinitialize: function() {\r\n  \t\tDisplay.configureMatrix();\r\n  \t\tDisplay.enableInput();\r\n  \t\tDisplay.currentAction = null;\r\n  \t\t$(document).keydown(Display.onKeyDown); //Subscribe to keydown events so arrows can be used to control input\r\n  \t\t\r\n  \t\trs.on(\"select\", function(value) {\r\n  \t\t\tDisplay.currentAction = value; //Save user selection\r\n  \t\t\tDisplay.updateMatrix(Display.currentAction, state.prev_partner_action); //Update matrix shading\r\n  \t\t});\r\n  \t\t\r\n  \t\t$(\"#confirm-button\").click(function () {\r\n  \t\t\tif(Display.inputEnabled){\r\n  \t\t\t\tif(!isNullOrUndefined(Display.currentAction)) { //Check that user has selected an action\r\n  \t\t\t\t\trs.trigger(\"__action__\", Display.currentAction); //Trigger the current selection\r\n  \t\t\t\t} else {\r\n  \t\t\t\t\talert(\"Please select an action.\");\r\n  \t\t\t\t}\r\n  \t\t\t}\r\n  \t\t});\r\n  \t\t\r\n  \t\trs.on(\"next_round\", function() { \r\n  \t\t\t$(\"#round\").text(state.round + \" of \" + rs.config.rounds[state.pair_index]); //Display current round\r\n  \t\t\tDisplay.updateMatrix(state.user_action, state.prev_partner_action); //Update matrix shading since partner action may have changed\r\n  \t\t\tif(state.round > 1){ //Display previous round results\r\n  \t\t\t\tDisplay.updateFeedback(state.prev_user_action, state.user_reward, state.prev_partner_action, state.partner_reward);\r\n  \t\t\t}\r\n  \t\t\tif(state.round <= rs.config.rounds[state.pair_index]) {\r\n  \t\t\t\tDisplay.enableInput(); //If there is another round, enable user input\r\n  \t\t\t}\r\n  \t\t});\r\n  \t},\r\n  \t\r\n  \tenableInput: function(){\r\n  \t\t$(\"#confirm-button\").attr(\"disabled\", null); \r\n  \t\tDisplay.inputEnabled = true;\r\n  \t},\r\n  \r\n  \tdisableInput: function(){\r\n  \t\t$(\"#confirm-button\").attr(\"disabled\", \"disabled\");\r\n  \t\tDisplay.inputEnabled = false;\r\n  \t},\r\n  \r\n  \tonKeyDown: function(evt) {\r\n  \t\tif (evt.keyCode == 38) { //up arrow\r\n  \t\t\tDisplay.onUserAction(1);\r\n  \t\t} else if (evt.keyCode == 40){ //down arrow\r\n  \t\t\tDisplay.onUserAction(2);\r\n  \t\t} else if (evt.keyCode == 13){ //enter key\r\n  \t\t\t$(\"#confirm-button\").click();\r\n  \t\t}\r\n  \t\t\r\n  \t},\r\n  \r\n  \tonUserAction: function(action) {\r\n  \t\tif(Display.inputEnabled && action !== Display.currentAction){ //Only trigger action if selection has changed\r\n  \t\t\trs.trigger(\"select\", action);\r\n  \t\t}\r\n  \t},\r\n  \r\n  \tconfigureMatrix: function() { //set up the input matrix\r\n  \t\tDisplay.matrix = function(){};\r\n  \t\tDisplay.matrix.inputs = [[$(\"#action-00\"), $(\"#action-01\")], [$(\"#action-10\"), $(\"#action-11\")]]; //an array of the input elements\r\n  \t\tDisplay.matrix.outputs = [[$(\"#matrix-00\"), $(\"#matrix-01\")], [$(\"#matrix-10\"), $(\"#matrix-11\")]]; //an array of the input elements\r\n  \t\t\r\n  \t\tfor(var i = 0; i < 4; i++){\r\n  \t\t\tvar row = Math.floor(i/2);\r\n  \t\t\tvar column = i % 2;\r\n  \t\t\tDisplay.matrix.outputs[row][column].append(\"<strong>\" + state.matrix[row][column][Display.YOU] + \"</strong>, \"); //populate the matrix square with your reward in bold\r\n  \t\t\tDisplay.matrix.outputs[row][column].append(state.matrix[row][column][Display.PARTNER]); //and the partners reward\r\n  \t\t}\r\n  \t\t\r\n  \t\tDisplay.matrix.inputs[Display.PARTNER][0].append(Display.Actions[1]);\r\n  \t\tDisplay.matrix.inputs[Display.PARTNER][1].append(Display.Actions[2]);\r\n  \t\t//Create a link for each of your input blocks that calls the onUserAction() function\r\n  \t\tDisplay.matrix.inputs[Display.YOU][0].append(\"<a href='javascript: Display.onUserAction(1)' style='display:block; height:100%; width:100%; line-height:\" + Display.matrix.inputs[Display.YOU][0].css(\"height\") + \";'>\" + Display.Actions[1] + \"</a>\");\r\n  \t\tDisplay.matrix.inputs[Display.YOU][1].append(\"<a href='javascript: Display.onUserAction(2)' style='display:block; height:100%; width:100%; line-height:\" + Display.matrix.inputs[Display.YOU][1].css(\"height\") + \";'>\" + Display.Actions[2] + \"</a>\");\r\n  \t},\r\n  \r\n  \tupdateMatrix: function(yourSelection, partnerSelection) { //update the input matrix with the current user actions\r\n  \t\tfor(var i = 0; i < 4; i++){ //clear all shading\r\n  \t\t\tvar row = Math.floor(i/2);\r\n  \t\t\tvar column = i % 2;\r\n  \t\t\tDisplay.matrix.outputs[row][column].css(\"background-image\", \"none\");\r\n  \t\t\tDisplay.matrix.inputs[row][column].css(\"background-image\", \"none\");\r\n  \t\t}\r\n  \t\t\r\n  \t\tif(!isNullOrUndefined(yourSelection)) { //shade the row corresponding to your action in light color\r\n  \t\t\tDisplay.matrix.inputs[Display.YOU][yourSelection - 1].css(\"background-image\", \"url('\" + IMAGE_URL + \"/InputShadingLight.png')\");\r\n  \t\t\tDisplay.matrix.outputs[yourSelection - 1][0].css(\"background-image\", \"url('\" + IMAGE_URL + \"/InputShadingLight.png')\");\r\n  \t\t\tDisplay.matrix.outputs[yourSelection - 1][1].css(\"background-image\", \"url('\" + IMAGE_URL + \"/InputShadingLight.png')\");\r\n  \t\t}\r\n  \t\t\r\n  \t\tif(!isNullOrUndefined(partnerSelection)) { //shade the column corresponding to your opponent's action in light color\r\n  \t\t\tDisplay.matrix.inputs[Display.PARTNER][partnerSelection - 1].css(\"background-image\", \"url('\" + IMAGE_URL + \"/InputShadingLight.png')\");\r\n  \t\t\tDisplay.matrix.outputs[0][partnerSelection - 1].css(\"background-image\", \"url('\" + IMAGE_URL + \"/InputShadingLight.png')\");\r\n  \t\t\tDisplay.matrix.outputs[1][partnerSelection - 1].css(\"background-image\", \"url('\" + IMAGE_URL + \"/InputShadingLight.png')\");\r\n  \t\t}\r\n  \t\t\r\n  \t\tif(!isNullOrUndefined(yourSelection) && !isNullOrUndefined(partnerSelection)) { //shade the common block in dark color\r\n  \t\t\tDisplay.matrix.outputs[yourSelection - 1][partnerSelection - 1].css(\"background-image\", \"url('\" + IMAGE_URL + \"/InputShadingDark.png')\");\r\n  \t\t}\r\n  \t},\r\n  \r\n  \tupdateFeedback: function(yourAction, yourReward, partnerAction, partnerReward) { //Display results of previous round\r\n  \t\t$(\"#prev-action-0\").text(Display.Actions[yourAction]);\r\n  \t\t$(\"#prev-reward-0\").text(yourReward);\r\n  \t\t$(\"#prev-action-1\").text(Display.Actions[partnerAction]);\r\n  \t\t$(\"#prev-reward-1\").text(partnerReward);\r\n  \t}\r\n  };\r\n  \r\n  window.Display = Display;\r\n\r\n\trs.on_load(function() { //called once the page has loaded for a new sub period\r\n\t\tfor(var pair = 0; pair < rs.config.pairs.length; pair++) { //decide who is the first player and who is the second player\r\n\t\t\tif(rs.config.pairs[pair][0] == rs.user_id || rs.config.pairs[pair][1] == rs.user_id) {\r\n\t\t\t\tstate.pair_index = pair;\r\n\t\t\t\tif(rs.config.pairs[pair][0] == rs.user_id) {\r\n\t\t\t\t\tstate.user_index = 0;\r\n\t\t\t\t\tstate.partner_id = rs.config.pairs[pair][1].toString();\r\n\t\t\t\t} else if(rs.config.pairs[pair][1] == rs.user_id) {\r\n\t\t\t\t\tstate.user_index = 1;\r\n\t\t\t\t\tstate.partner_id = rs.config.pairs[pair][0].toString();\r\n\t\t\t\t}\r\n\t\t\t}\r\n\t\t}\r\n\t\t\r\n\t\tif(state.user_index === 0) {\r\n\t\t\tstate.matrix = rs.config.matrix;\r\n\t\t} else if(state.user_index === 1) {\r\n\t\t\tstate.matrix = transpose(rs.config.matrix); //transpose the matrix for the second player\r\n\t\t}\r\n\t\t\r\n\t\tstate.round = 0;\r\n\t\t\r\n\t\trs.after_waiting_for_all(function(){ //Call this function once all subjects have reached this point\r\n\t\t\tDisplay.initialize();\r\n\t\t\trs.trigger(\"next_round\"); //Start first round\r\n\t\t});\r\n\t});\r\n\t\r\n\trs.on(\"__action__\", function(value) {\r\n\t\tDisplay.disableInput();\r\n\t\tstate.user_action = value; //Store user action\r\n\t\trs.after_waiting_for([state.partner_id], function() { //Call this function once the specified subjects have reached this point\r\n\t\t\tallocateRewards(state.user_action, state.partner_action);\r\n\t\t\trs.trigger(\"next_round\");\r\n\t\t});\r\n\t});\r\n\t\r\n\trs.recv(\"__action__\", function(sender, value) {\r\n\t\tif(sender == state.partner_id) {\r\n\t\t\tstate.partner_action = value; //Store partner action\r\n\t\t}\r\n\t});\r\n\t\r\n\trs.on(\"next_round\", function() {\r\n\t\tstate.round++;\r\n\t\t\r\n\t\tstate.prev_user_action = state.user_action; //Shift current action to previous action\r\n\t\tstate.prev_partner_action = state.partner_action;\r\n\t\t\r\n\t\tif(state.round > rs.config.rounds[state.pair_index]) { //If we have completed the last round\r\n\t\t\trs.trigger(\"period_complete\");\r\n\t\t}\r\n\t});\r\n\t\r\n\trs.on(\"period_complete\", function() {\r\n\t\tDisplay.disableInput();\r\n\t\trs.next_period(5); //Advance to the next period after a 5 second delay.\r\n\t});\r\n\t\r\n\tvar allocateRewards = function(ai, aj){ //Allocate points according to user actions and matrix\r\n\t\tstate.user_reward = state.matrix[ai - 1][aj - 1][0];\r\n\t\trs.add_points(state.user_reward);\r\n\t\t\r\n\t\tstate.partner_reward = state.matrix[ai - 1][aj - 1][1];\r\n\t};\r\n\t\r\n\tvar transpose = function(matrix) { //transpose a 2x2 matrix\r\n\t\tvar transposed = [[[], []], [[], []]];\r\n\t\tfor(var i = 0; i < 4; i++){\r\n\t\t\tvar row = Math.floor(i/2);\r\n\t\t\tvar column = i % 2;\r\n\t\t\ttransposed[column][row] = [matrix[row][column][1], matrix[row][column][0]];\r\n\t\t}\r\n\t\treturn transposed;\r\n\t};\r\n\t\r\n}]);"}}, {"pk": 3, "model": "expecon.page", "fields": {"experiment": 1, "html": "{% load verbatim %}\r\n<!DOCTYPE HTML>\r\n<html ng-app=\"Redwood\">\r\n<head>\r\n  <title>Finish</title>\r\n\t<script type=\"text/javascript\" src=\"{{ STATIC_URL }}js/jquery.min.js\"></script>\r\n  <script type=\"text/javascript\" src=\"{{ STATIC_URL }}angular/angular-1.3.0-beta.6.js\"></script>\r\n\t<script type=\"text/javascript\" src=\"{{ STATIC_URL }}js/redwood2_helpers.js\"></script>\r\n\t<script type=\"text/javascript\" src=\"{{ STATIC_URL }}js/redwood2.js\"></script>\r\n\t<script type=\"text/javascript\" src=\"{{ STATIC_URL }}js/redwood2_subject.js\"></script>\r\n\t<link type=\"text/css\" rel=\"stylesheet\" href=\"{{ STATIC_URL }}css/bootstrap.min.css\"></link>\r\n\t<script type=\"text/javascript\">\r\n\t\t{{ js }}\r\n\t</script>\r\n\t<style type=\"text/css\">\r\n\t\t{{ css }}\r\n\t</style>\r\n</head>\r\n{% verbatim %}\r\n<body ng-controller=\"SubjectCtrl\" style=\"padding-top:60px;\">\r\n\t\r\n\t<div class=\"navbar navbar-fixed-top container\">\r\n\t\t<div class=\"navbar-inner\">\r\n\t\t\t<div class=\"container-fluid\">\r\n\t\t\t\t<div class=\"brand\" href=\"#\">Interactive Decision Making Experiment</div>\r\n\t\t\t\t<div class=\"nav-collapse collapse\">\r\n\t\t\t\t\t<p class=\"navbar-text pull-right\">\r\n\t\t\t\t\t\tUser ID: <span class=\"navbar-link\">{{$root.user_id}}</span>\r\n\t\t\t\t\t</p>\r\n\t\t\t\t</div>\r\n\t\t\t</div>\r\n\t\t</div>\r\n\t</div>\r\n\t\r\n\t<div class=\"container\">\r\n\t\t<table class=\"table table-bordered table-condensed\">\r\n\t\t\t<thead>\r\n\t\t\t\t<tr><th>Period</th><th>Points</th><th>Earnings</th></tr>\r\n\t\t\t</thead>\r\n\t\t\t<tbody id=\"results\">\r\n\t\t\t\r\n\t\t\t</tbody>\r\n\t\t</table>\r\n\t</div>\r\n</body>\r\n{% endverbatim %}\r\n</html>\r\n", "name": "Finish", "css": "", "js": "Redwood.controller(\"SubjectCtrl\", [\"$rootScope\", \"$scope\", \"Subject\", function($rootScope, $scope, rs) {\r\n\r\n  var state = {};\r\n  \r\n  rs.on_load(function() {\r\n\t\tstate.totalEarnings = 0;\r\n\t\t\r\n\t\tvar points_by_period = rs.subject[rs.user_id].points_by_period();\r\n\t\tfor (var i = 0; i < points_by_period.length; i++) {\r\n\t\t\tstate.totalEarnings += points_by_period[i];\r\n\t\t\tvar row = '<tr><td>' + (i + 1) + '</td><td>' + points_by_period[i].toFixed(2) + '</td><td>$' + points_by_period[i].toFixed(2) + '</td></tr>';\r\n\t\t\t$(\"#results\").append(row);\r\n\t\t}\r\n\t\t\r\n\t\t//rs.send(\"__set_show_up_fee__\", {show_up_fee: state.totalEarnings});\r\n\t\tvar row = '<tr class= \"warning\"><td>Average:</td><td>' + (rs.accumulated_points / (rs.period - 1)).toFixed(2) + '</td><td>$' + (state.totalEarnings / (rs.period - 1)).toFixed(2) + '</td></tr>';\r\n\t\t$(\"#results\").append(row);\r\n\t\tvar row = '<tr class= \"success\"><td>Total:</td><td>' + rs.accumulated_points.toFixed(2) + '</td><td>$' + state.totalEarnings.toFixed(2) + '</td></tr>';\r\n\t\t$(\"#results\").append(row);\r\n\t});\r\n\r\n}]);"}}]