[{"pk": 8, "model": "expecon.experiment", "fields": {"name": "Price List", "admin_css": ".dummy {\r\n  \r\n}\r\n", "comments": "", "experimenter": 1, "admin_html": "<!DOCTYPE HTML>\r\n<html>\r\n<head>\r\n  <title>Price List Game</title>\r\n\t<script type=\"text/javascript\" src=\"{{ STATIC_URL }}js/jquery.min.js\"></script>\r\n\t<script type=\"text/javascript\" src=\"{{ STATIC_URL }}js/jquery.cookie.js\"></script>\r\n\t<script type=\"text/javascript\" src=\"{{ STATIC_URL }}js/redwood2.js\"></script>\r\n\t<script type=\"text/javascript\" src=\"{{ STATIC_URL }}js/redwood2_helpers.js\"></script>\r\n\t<script type=\"text/javascript\" src=\"{{ STATIC_URL }}js/redwood2_admin.js\"></script>\r\n\t<link type=\"text/css\" rel=\"stylesheet\" href=\"{{ STATIC_URL }}css/bootstrap.min.css\"></link>\r\n\t<script type=\"text/javascript\">\r\n\t\t{{ js }}\r\n\t</script>\r\n\t<style type=\"text/css\">\r\n\t\t{{ css }}\r\n\t</style>\r\n</head>\r\n<body style=\"padding-top:60px;\">\r\n\t\r\n\t<div class=\"navbar navbar-fixed-top container\">\r\n\t\t<div class=\"navbar-inner\">\r\n\t\t\t<div class=\"container-fluid\">\r\n\t\t\t\t<div class=\"brand\" href=\"#\">Decision Making Experiment</div>\r\n\t\t\t\t<div class=\"nav-collapse collapse\">\r\n\t\t\t\t\t<p class=\"navbar-text pull-right\">Administrator</p>\r\n\t\t\t\t</div>\r\n\t\t\t</div>\r\n\t\t</div>\r\n\t</div>\r\n\t\r\n\t<div class=\"container\">\r\n\t\t<div class=\"row\">\r\n\t\t\t<div class=\"span3\">\r\n\t\t\t\t<div class=\"row\">\r\n\t\t\t\t\t<div class=\"span3\">\r\n\t\t\t\t\t\t<div class=\"well sidebar-nav\">\r\n\t\t\t\t\t\t\t<ul class=\"nav nav-list\">\r\n\t\t\t\t\t\t\t\t<li><span id=\"router-status\" class=\"badge badge-important\"></span></li>\r\n\t\t\t\t\t\t\t</ul>\r\n\t\t\t\t\t\t</div>\r\n\t\t\t\t\t</div>\r\n\t\t\t\t</div>\r\n\t\t\t\t<div class=\"row\">\r\n\t\t\t\t\t<div class=\"span3\">\r\n\t\t\t\t\t\t<div class=\"well sidebar-nav\">\r\n\t\t\t\t\t\t\t<ul class=\"nav nav-list\">\r\n\t\t\t\t\t\t\t\t<li><a href=\"admin/payouts\" target=\"_blank\">View Payouts</a></li>\r\n\t\t\t\t\t\t\t\t<li><a id=\"archive\" href=\"#\">Archive Session</a></li>\r\n\t\t\t\t\t\t\t\t<li><a id=\"download\" href=\"admin/download\">Download Data</a></li>\r\n\t\t\t\t\t\t\t</ul>\r\n\t\t\t\t\t\t</div>\r\n\t\t\t\t\t</div>\r\n\t\t\t\t</div>\r\n\t\t\t</div>\r\n\t\t\t<div class=\"span9\">\r\n\t\t\t\t<p>Subjects:</p>\r\n\t\t\t\t<table class=\"table table-bordered table-condensed table-striped\">\r\n\t\t\t\t\t<thead>\r\n\t\t\t\t\t\t<tr><th>ID</th><th>Group</th><th>Period</th></tr>\r\n\t\t\t\t\t</thead>\r\n\t\t\t\t\t<tbody id=\"subject-list\">\r\n\t\t\t\t\t</tbody>\r\n\t\t\t\t</table>\r\n\t\t\t\t<button id=\"start-session\" class=\"btn btn-primary\">Start Session</button>\r\n\t\t\t\t<button id=\"reset-session\" class=\"btn btn-danger\">Reset Session</button>\r\n\t\t\t</div>\r\n\t\t</div>\r\n\t\t<div class=\"row\">\r\n\t\t\t<div class=\"span12\">\r\n\t\t\t\t<hr/>\r\n\t\t\t\t<p>Configuration:</p>\r\n\t\t\t\t<input type=\"file\" data-load-config />\r\n\t\t\t\t<table class=\"config table table-bordered table-striped table-condensed\"></table>\r\n\t\t\t</div>\r\n\t\t</div>\r\n\t</div>\r\n\r\n</body>\r\n</html>\r\n", "admin_js": "var ROLE = {\r\n  P: 0,\r\n\tR: 1\r\n};\r\n\r\nvar state = {};\r\n\r\nfunction resetGroups() {\r\n\tif (ra.subjects.length === 0 || Object.size(ra.configs[0]) === 0) {\r\n\t\treturn;\r\n\t}\r\n\tfor(i = 0, l = ra.subjects.length; i < l; i++) { //Assign all players to group 1 so that they can be matched according to the config each period.\r\n\t\tra.set_group(i + 1, ra.subjects[i]);\r\n\t}\r\n}\r\n\r\nvar ra = RedwoodAdmin; //create an alias for RedwoodSubject\r\n\r\nra.create = function() {\r\n\r\n\t$(\"#start-session\").click(function () {\r\n\t\tra.trigger(\"start_session\");\r\n\t});\r\n\t\r\n\tra.on(\"start_session\", function() {\r\n\t\t$(\"#start-session\").attr(\"disabled\", \"disabled\");\r\n\t\tvar answer = Math.round(Math.random() * 100 + 50);\r\n\t\tra.trigger(\"answer\", answer);\r\n\t\tstate.estimates = {};\r\n\t\tra.start_session();\r\n\t});\r\n\t\r\n\tra.on(\"answer\", function(value) {\r\n\t\tstate.answer = value;\r\n\t});\r\n\t\r\n\t$(\"#reset-session\").click(function () {\r\n\t\tra.trigger(\"__reset__\");\r\n\t});\r\n\r\n\t$(\"#archive\").click(function () {\r\n\t\tvar r = confirm(\"Are you sure you want to archive this session?\");\r\n\t\tif(r == true) {\r\n\t\t\t$.post(\"admin/archive\");\r\n\t\t\tra.trigger(\"__delete__\");\r\n\t\t}\r\n\t});\r\n\r\n\t\r\n\tra.on_router_connected(function(connected) { //Display router connection status\r\n\t\tvar status = $(\"#router-status\");\r\n\t\tif (connected) {\r\n\t\t\tstatus.text(\"Router Connected\");\r\n\t\t\tstatus.removeClass(\"badge-important\");\r\n\t\t\tstatus.addClass(\"badge-success\");\r\n\t\t} else {\r\n\t\t\tstatus.text(\"Router Disconnected\");\r\n\t\t\tstatus.removeClass(\"badge-success\");\r\n\t\t\tstatus.addClass(\"badge-important\");\r\n\t\t}\r\n\t});\r\n\t\r\n\tra.on_set_period(function(user, period) {\r\n\t\t$(\"tr.subject-\" + user + \" :nth-child(3)\").text(period); //Display current period for each user\r\n\t});\r\n\t\r\n\tra.on_load(function () {\r\n\t\tresetGroups(); //Assign groups to users\r\n\t});\r\n\t\r\n\tra.on_set_group(function(user, group) {\r\n\t\t$(\"tr.subject-\" + user + \" :nth-child(2)\").text(group); //Display group for each user\r\n\t});\r\n\r\n\tra.on_register(function(user) { //Add a row to the table to each user\r\n\t\t$(\"#subject-list\").empty();\r\n\t\tvar html = \"\";\r\n\t\tfor(var i = 0, l = ra.subjects.length; i < l; i++) {\r\n\t\t\t$(\"#subject-list\").append($(\"<tr>\").addClass(\"subject-\" + ra.subjects[i]).append(\r\n\t\t\t$(\"<td>\").text(ra.subjects[i]).after(\r\n\t\t\t$(\"<td>\").text(0).after(\r\n\t\t\t$(\"<td>\").text(0)))));\r\n\t\t}\r\n\t\tresetGroups();\r\n\t});\r\n\r\n\tra.on_set_config(function(config) { //Display the config file\r\n\t\t$(\"table.config\").empty();\r\n\t\tvar a = $.csv.toArrays(config);\r\n\t\tfor (var i = 0; i < a.length; i++) {\r\n\t\t\tvar row = a[i];\r\n\t\t\tvar tr = $(\"<tr>\");\r\n\t\t\tfor (var j = 0; j < row.length; j++) {\r\n\t\t\t\tvar cell = row[j];\r\n\t\t\t\tvar td = $((i == 0 ? \"<th>\" : \"<td>\")).text(cell);\r\n\t\t\t\ttr.append(td);\r\n\t\t\t}\r\n\t\t\t$(\"table.config\").append(tr);\r\n\t\t}\r\n\t});\r\n\t\r\n\tra.recv(\"estimation\", function(sender, value) {\r\n\t\tstate.estimates[sender] = value;\r\n\t\tif(!ra.subjects.firstWhere(function() {\r\n\t\t\t\t\treturn isNullOrUndefined(state.estimates[this]);\r\n\t\t\t\t})) {\r\n\t\t\tra.trigger(\"assign_roles\");\r\n\t\t}\r\n\t});\r\n\t\r\n\tra.on(\"assign_roles\", function() {\r\n\t\tstate.roles = {};\r\n\t\tvar subjects = [];\r\n\t\tfor(var i = 0, l = ra.subjects.length; i < l; i++) {\r\n\t\t\tsubjects.push(ra.subjects[i]);\r\n\t\t}\r\n\t\tsubjects.sort(function(a,b) {\r\n\t\t\treturn Math.abs(state.answer - state.estimates[a]) - Math.abs(state.answer - state.estimates[b]);\r\n\t\t});\r\n\t\tfor(var i = 0, l = subjects.length; i < l; i++) {\r\n\t\t\tif(i < l/2) {\r\n\t\t\t\tra.set(subjects[i], \"role\", ROLE.P);\r\n\t\t\t} else {\r\n\t\t\t\tra.set(subjects[i], \"role\", ROLE.R);\r\n\t\t\t}\r\n\t\t}\r\n\t\tra.trigger(\"roles_assigned\"); \r\n\t});\r\n};", "rt_js": ""}}, {"pk": 23, "model": "expecon.page", "fields": {"experiment": 8, "html": "<!DOCTYPE HTML>\r\n<html>\r\n<head>\r\n  <title>Wait</title>\r\n\t<script type=\"text/javascript\" src=\"{{ STATIC_URL }}js/jquery.min.js\"></script>\r\n\t<script type=\"text/javascript\" src=\"{{ STATIC_URL }}flot/jquery.flot.js\"></script>\r\n\t<script type=\"text/javascript\" src=\"{{ STATIC_URL }}flot/jquery.flot.dashes.js\"></script>\r\n\t<script type=\"text/javascript\" src=\"{{ STATIC_URL }}js/jquery-ui-1.10.3.custom.js\"></script>\r\n\t<script type=\"text/javascript\" src=\"{{ STATIC_URL }}js/redwood2.js\"></script>\r\n\t<script type=\"text/javascript\" src=\"{{ STATIC_URL }}js/redwood2_helpers.js\"></script>\r\n\t<script type=\"text/javascript\" src=\"{{ STATIC_URL }}js/redwood2_subject.js\"></script>\r\n\t<link type=\"text/css\" rel=\"stylesheet\" href=\"{{ STATIC_URL }}css/bootstrap.min.css\"></link>\r\n\t<link type=\"text/css\" rel=\"stylesheet\" href=\"{{ STATIC_URL }}css/ui-lightness/jquery-ui-1.10.3.custom.css\"></link>\r\n\t<script type=\"text/javascript\">\r\n\t\tvar IMAGE_URL = \"{{ STATIC_URL }}/img/PriceList\";\r\n\t\t{{ js }}\r\n\t</script>\r\n\t<style type=\"text/css\">\r\n\t\t{{ css }}\r\n\t</style>\r\n</head>\r\n<body style=\"padding-top:60px;\">\r\n\t\r\n\t<div class=\"navbar navbar-fixed-top container\">\r\n\t\t<div class=\"navbar-inner\">\r\n\t\t\t<div class=\"container-fluid\">\r\n\t\t\t\t<div class=\"brand\" href=\"#\">Decision Making Experiment</div>\r\n\t\t\t\t<div class=\"nav-collapse collapse\">\r\n\t\t\t\t\t<p class=\"navbar-text pull-right\">\r\n\t\t\t\t\t\tUser ID: <span id=\"user-id\" class=\"navbar-link\"></span>\r\n\t\t\t\t\t</p>\r\n\t\t\t\t</div>\r\n\t\t\t</div>\r\n\t\t</div>\r\n\t</div>\r\n\t\r\n\t<div class=\"container\">\r\n\t\t<div class=\"row\">\r\n\t\t\t<div class=\"span12\">\r\n\t\t\t\t<div id=\"image-container\" style=\"display:none;\"></div>\r\n\t\t\t</div>\r\n\t\t</div>\r\n\t\t<div class=\"row\">\r\n\t\t\t<div class=\"span12\">\r\n\t\t\t\t<div id=\"waiting\">Waiting for experiment to start...</div>\r\n\t\t\t\t<div id=\"intro\" style=\"display:none;\">\r\n\t\t\t\t\t<h4>Purpose:</h4>\r\n\t\t\t\t\t<p>The purpose of the study is to test different models of decision making under uncertainty.</p>\r\n\t\t\t\t\t<h4>Description:</h4>\r\n\t\t\t\t\t<p>This HIT asks you to make a series of choices among alternatives that involve monetary prizes. The HIT should take between 10-15 minutes to complete. Your answers will be used in an academic study on decision-making.</p>\r\n\t\t\t\t\t<h4>Principal Investigator:</h4>\r\n\t\t\t\t\t<p>\r\n\t\t\t\t\t\tProfessor Yoram Halevy<br/>\r\n\t\t\t\t\t\tDepartment of Economics, University of British Columbia<br/>\r\n\t\t\t\t\t\tVancouver BC, Canada<br/>\r\n\t\t\t\t\t\t(604) 822-2202\r\n\t\t\t\t\t</p>\r\n\t\t\t\t\t<h4>Confidentiality:</h4>\r\n\t\t\t\t\t<p>Your decisions will be kept strictly confidential. We have made every effort to guarantee your privacy and anonymity. Following the completion of the experiment, data will be kept on a secure server. You will never be identified by name or any other identifying feature with relation to this study.</p>\r\n\t\t\t\t\t<h4>Compensation:</h4>\r\n\t\t\t\t\t<p>You will be paid $1 for completing this HIT and an additional bonus payment may be made, depending on an element of chance and on your choices.</p>\r\n\t\t\t\t\t<h4>Contact for Information about the Study:</h4>\r\n\t\t\t\t\t<p>If you have any questions or desire additional information with respect to this study, you may contact Professor Yoram Halevy at Tel: (604) 822-2202, or e-mail: yoram.halevy@ubc.ca. If you have any questions about your treatment or rights as a research subject, you may contact the Research Subject Information Line in the UBC Office of Research Services at: (604) 822-8598.</p>\r\n\t\t\t\t\t<p>Your participation in this study is entirely voluntary and you may refuse to participate or withdraw from the study at any time. You can print this form of the consent form and maintain it for your own records.</p>\r\n\t\t\t\t\t<p>NOTE: Please do not take this HIT if you are not willing to commit 10 minutes of your full concentration to the HIT. The data we collect is being used for scientific research. We greatly appreciate your full attention and careful consideration of each question.</p>\r\n\t\t\t\t\t<p style=\"color:red; text-align:center;\">\r\n\t\t\t\t\t\tThis HIT (or any version of it) can only be taken once by each worker.<br/>\r\n\t\t\t\t\t\tIf you complete this HIT more than once, you will only be paid for the first time.\r\n\t\t\t\t\t</p>\r\n\t\t\t\t\t<p style=\"color:blue;\">Click here to consent to participate in the study and begin:\r\n\t\t\t\t\t<button id=\"go-button\" class='btn btn-success' onclick='javascript:Display.go();'>Go</button></p>\r\n\t\t\t\t</div>\r\n\t\t\t\t<div id=\"instructions\" style=\"display:none;\">\r\n\t\t\t\t\t<h1>Instructions</h1>\r\n\t\t\t\t\t<p>You will be paid $1 for completing this HIT. When you have finished, you will be given an ID number. You must copy that ID number into the Mechanical Turk HIT page and submit the HIT in order to receive payment.</p>\r\n\t\t\t\t\t<button id=\"submit-button\" class='btn btn-success' onclick='javascript:Display.submit();'>Continue</button>\r\n\t\t\t\t</div>\r\n\t\t\t</div>\r\n\t\t</div>\r\n\t</div>\r\n</body>\r\n</html>\r\n", "name": "Wait", "css": ".dummy {\r\n  \r\n}\r\n", "js": "var ROLE = {\r\n  P: 0,\r\n\tR: 1\r\n};\r\n\r\nvar rs = RedwoodSubject; //create an alias for RedwoodSubject\r\n\r\nvar state = {}; //State object\r\n\r\nvar Display = { //Display controller\r\n\r\n\tinitialize: function() {\r\n\t\t\r\n\t\tfor(var key in rs.configs[0]) {\r\n\t\t\tif(typeof rs.configs[0][key] == \"string\" || typeof rs.configs[0][key] == \"number\") {\r\n\t\t\t\t$(\"[name='\" + key + \"']\").text(rs.configs[0][key]);\r\n\t\t\t}\r\n\t\t}\r\n\t\t\r\n\t\t$(\"#user-id\").text(rs.user_id);\r\n\t\t$(\"#waiting\").hide();\r\n\t\t$(\"#intro\").show();\r\n\t\t\r\n\t\trs.on(\"go\", function() {\r\n\t\t\t$(\"#intro\").hide();\r\n\t\t\t$(\"#instructions\").show();\r\n\t\t});\r\n\t\t\r\n\t\trs.on(\"submit\", function(value) {\r\n\t\t\t$(\"#submit-button\").attr(\"disabled\", \"disabled\");\r\n\t\t});\r\n\t\t\r\n\t},\r\n\t\r\n\tgo: function() {\r\n\t\trs.trigger(\"go\");\r\n\t},\r\n\t\r\n\tsubmit: function() {\r\n\t\trs.trigger(\"submit\", parseInt($(\"#estimate\").val()));\r\n\t}\r\n};\r\n\r\n\r\nrs.create = function() {\r\n\r\n\trs.on_load(function() { //called once the page has loaded for a new sub period\r\n\t\tDisplay.initialize();\r\n\t});\r\n\t\r\n\trs.on(\"submit\", function(value) {\r\n\t\trs.after_waiting_for_all(function() {\r\n\t\t\trs.next_period(0);\r\n\t\t});\r\n\t});\r\n};"}}, {"pk": 24, "model": "expecon.page", "fields": {"experiment": 8, "html": "<!DOCTYPE HTML>\r\n<html>\r\n<head>\r\n  <title>Start</title>\r\n\t<script type=\"text/javascript\" src=\"{{ STATIC_URL }}js/jquery.min.js\"></script>\r\n\t<script type=\"text/javascript\" src=\"{{ STATIC_URL }}flot/jquery.flot.js\"></script>\r\n\t<script type=\"text/javascript\" src=\"{{ STATIC_URL }}flot/jquery.flot.dashes.js\"></script>\r\n\t<script type=\"text/javascript\" src=\"{{ STATIC_URL }}js/jquery-ui-1.10.3.custom.js\"></script>\r\n\t<script type=\"text/javascript\" src=\"{{ STATIC_URL }}js/redwood2.js\"></script>\r\n\t<script type=\"text/javascript\" src=\"{{ STATIC_URL }}js/redwood2_helpers.js\"></script>\r\n\t<script type=\"text/javascript\" src=\"{{ STATIC_URL }}js/redwood2_subject.js\"></script>\r\n\t<link type=\"text/css\" rel=\"stylesheet\" href=\"{{ STATIC_URL }}css/bootstrap.min.css\"></link>\r\n\t<link type=\"text/css\" rel=\"stylesheet\" href=\"{{ STATIC_URL }}css/ui-lightness/jquery-ui-1.10.3.custom.css\"></link>\r\n\t<script type=\"text/javascript\">\r\n\t\tvar IMAGE_URL = \"{{ STATIC_URL }}/img/PriceList\";\r\n\t\t{{ js }}\r\n\t</script>\r\n\t<style type=\"text/css\">\r\n\t\t{{ css }}\r\n\t</style>\r\n</head>\r\n<body style=\"padding-top:60px;\">\r\n\t\r\n\t<div class=\"navbar navbar-fixed-top container\">\r\n\t\t<div class=\"navbar-inner\">\r\n\t\t\t<div class=\"container-fluid\">\r\n\t\t\t\t<div class=\"brand\" href=\"#\">Decision Making Experiment</div>\r\n\t\t\t\t<div class=\"nav-collapse collapse\">\r\n\t\t\t\t\t<p class=\"navbar-text pull-right\">\r\n\t\t\t\t\t\tUser ID: <span id=\"user-id\" class=\"navbar-link\"></span>\r\n\t\t\t\t\t</p>\r\n\t\t\t\t</div>\r\n\t\t\t</div>\r\n\t\t</div>\r\n\t</div>\r\n\t\r\n\t<div class=\"container\">\r\n\t\t<div class=\"row\">\r\n\t\t\t<div class=\"span3\">\r\n\t\t\t\t<div class=\"well sidebar-nav\">\r\n\t\t\t\t\t<ul class=\"nav nav-list\">\r\n\t\t\t\t\t\t\r\n\t\t\t\t\t</ul>\r\n\t\t\t\t</div>\r\n\t\t\t</div>\r\n\t\t\t<div class=\"span9\">\r\n\t\t\t\t<div class=\"row\">\r\n\t\t\t\t\t<div class=\"span9\">\r\n\t\t\t\t\t\t<p>For each line below, please choose whether you prefer Option A or Option B.</p>\r\n\t\t\t\t\t\t<table class=\"table table-bordered table-condensed\">\r\n\t\t\t\t\t\t\t<thead>\r\n\t\t\t\t\t\t\t\t<tr><th>Line #</th><th>$3 if the number on the ball drawn is less than or equal to:</th><th>$4 if the number on the ball drawn is less than or equal to:</th></tr>\r\n\t\t\t\t\t\t\t</thead>\r\n\t\t\t\t\t\t\t<tbody id=\"rows\"></tbody>\r\n\t\t\t\t\t\t</table>\r\n\t\t\t\t\t\t<button id=\"submit-button\" class='btn btn-success' onclick='javascript:Display.submit();'>Submit</button>\r\n\t\t\t\t\t</div>\r\n\t\t\t\t</div>\r\n\t\t\t</div>\r\n\t\t</div>\r\n\t\t<div class=\"row\">\r\n\t\t\t<hr style=\"margin-top:20px;\"/>\r\n\t\t\t<div class=\"span12\" id=\"footer\">\r\n\t\t\t\t<div id=\"notes\">\r\n\t\t\t\t\t<p></p>\r\n\t\t\t\t</div>\r\n\t\t\t</div>\r\n\t\t</div>\r\n\t</div>\r\n</body>\r\n</html>\r\n", "name": "Start", "css": ".no-transition:hover{\r\n -webkit-transition: none;\r\n background-position: 0 0;\r\n}", "js": "var ROLE = {\r\n  P: 0,\r\n\tR: 1\r\n};\r\n\r\nvar rs = RedwoodSubject; //create an alias for RedwoodSubject\r\n\r\nvar state = {}; //State object\r\n\r\nvar Display = { //Display controller\r\n\r\n\tinitialize: function() {\r\n\t\t$(\"#user-id\").text(rs.user_id);\r\n\t\t\r\n\t\tfor(var key in rs.config) {\r\n\t\t\tif(typeof rs.config[key] == \"string\" || typeof rs.config[key] == \"number\") {\r\n\t\t\t\t$(\"[name='\" + key + \"']\").text(rs.config[key]);\r\n\t\t\t}\r\n\t\t}\r\n\t\t\r\n\t\tfor(var i = 0, l = rs.config.table.length; i < l; i++) {\r\n\t\t\t$(\"#rows\").append(\"<tr><td>\" + (i + 1) + \"</td><td id='option-\" + i  + \"-0'>\" + rs.config.table[i][0] + \"</td><td id='option-\" + i  + \"-1'>\" + rs.config.table[i][1] + \"</td></tr>\");\r\n\t\t}\r\n\t\tvar default_background = $(\"#option-0-0\").css(\"background-color\");\r\n\t\t\r\n\t\tvar bind = function(row) {\r\n\t\t\t$(\"#option-\" + row + \"-0\").mouseover(function() {\r\n\t\t\t\tif(state.selections[row] !== 1) {\r\n\t\t\t\t\tvar temp = $(\"#option-\" + row + \"-0\").css(\"background-color\");\r\n\t\t\t\t\t$(\"#option-\" + row + \"-0\").css(\"background-color\", \"yellow\");\r\n\t\t\t\t\t$(\"#option-\" + row + \"-1\").css(\"background-color\", temp);\r\n\t\t\t\t\tstate.selections[row] = 1;\r\n\t\t\t\t}\r\n\t\t\t});\r\n\t\t\t$(\"#option-\" + row + \"-1\").mouseover(function() {\r\n\t\t\t\tif(state.selections[row] !== 2) {\r\n\t\t\t\t\tvar temp = $(\"#option-\" + row + \"-1\").css(\"background-color\");\r\n\t\t\t\t\t$(\"#option-\" + row + \"-1\").css(\"background-color\", \"yellow\");\r\n\t\t\t\t\t$(\"#option-\" + row + \"-0\").css(\"background-color\", temp);\r\n\t\t\t\t\tstate.selections[row] = 2;\r\n\t\t\t\t}\r\n\t\t\t});\r\n\t\t};\r\n\t\t\r\n\t\tfor(var i = 0, l = rs.config.table.length; i < l; i++) {\r\n\t\t\tbind(i);\r\n\t\t}\r\n\t},\r\n\t\r\n\tsubmit: function() {\r\n\t\tif(state.selections.contains(0)) {\r\n\t\t\talert(\"Please select an option for every row.\");\r\n\t\t} else {\r\n\t\t\trs.trigger(\"submit\", state.selections);\r\n\t\t}\r\n\t}\r\n};\r\n\r\n\r\nrs.create = function() {\r\n\r\n\trs.on_load(function() { //called once the page has loaded for a new sub period\r\n\t\tDisplay.initialize();\r\n\t\t\r\n\t\tstate.selections = [];\r\n\t\tfor(var row = 0, l = rs.config.table.length; row < l; row++) {\r\n\t\t\tstate.selections.push(0);\r\n\t\t}\r\n\t});\r\n\t\r\n\trs.on(\"submit\", function(selections) {\r\n\t\trs.add_points(rs.config.show_up_fee);\r\n\t\tvar row = Math.floor(Math.random() * state.selections.length);\r\n\t\tvar option = selections[row];\r\n\t\tvar draw = Math.floor(Math.random() * rs.config.num_balls) + 1;\r\n\t\tvar bonus = 0;\r\n\t\tif(draw <= rs.config.table[row][option - 1]) {\r\n\t\t\tbonus = option == 1 ? rs.config.$A : rs.config.$B;\r\n\t\t\trs.add_points(bonus);\r\n\t\t}\r\n\t\trs.set(\"result\", {row: row + 1, option: (option == 1 ? \"A\" : \"B\"), draw: draw, bonus: bonus, show_up_fee: rs.config.show_up_fee});\r\n\t\trs.next_period(); //Advance to the next period\r\n\t});\r\n\r\n};"}}, {"pk": 25, "model": "expecon.page", "fields": {"experiment": 8, "html": "<!DOCTYPE HTML>\r\n<html>\r\n<head>\r\n  <title>Finish</title>\r\n\t<script type=\"text/javascript\" src=\"{{ STATIC_URL }}js/jquery.min.js\"></script>\r\n\t<script type=\"text/javascript\" src=\"{{ STATIC_URL }}flot/jquery.flot.js\"></script>\r\n\t<script type=\"text/javascript\" src=\"{{ STATIC_URL }}flot/jquery.flot.dashes.js\"></script>\r\n\t<script type=\"text/javascript\" src=\"{{ STATIC_URL }}js/jquery-ui-1.10.3.custom.js\"></script>\r\n\t<script type=\"text/javascript\" src=\"{{ STATIC_URL }}js/redwood2.js\"></script>\r\n\t<script type=\"text/javascript\" src=\"{{ STATIC_URL }}js/redwood2_helpers.js\"></script>\r\n\t<script type=\"text/javascript\" src=\"{{ STATIC_URL }}js/redwood2_subject.js\"></script>\r\n\t<link type=\"text/css\" rel=\"stylesheet\" href=\"{{ STATIC_URL }}css/bootstrap.min.css\"></link>\r\n\t<link type=\"text/css\" rel=\"stylesheet\" href=\"{{ STATIC_URL }}css/ui-lightness/jquery-ui-1.10.3.custom.css\"></link>\r\n\t<script type=\"text/javascript\">\r\n\t\tvar IMAGE_URL = \"{{ STATIC_URL }}/img/PriceList\";\r\n\t\t{{ js }}\r\n\t</script>\r\n\t<style type=\"text/css\">\r\n\t\t{{ css }}\r\n\t</style>\r\n</head>\r\n<body style=\"padding-top:60px;\">\r\n\t\r\n\t<div class=\"navbar navbar-fixed-top container\">\r\n\t\t<div class=\"navbar-inner\">\r\n\t\t\t<div class=\"container-fluid\">\r\n\t\t\t\t<div class=\"brand\" href=\"#\">Decision Making Experiment</div>\r\n\t\t\t\t<div class=\"nav-collapse collapse\">\r\n\t\t\t\t\t<p class=\"navbar-text pull-right\">\r\n\t\t\t\t\t\tUser ID: <span id=\"user-id\" class=\"navbar-link\"></span>\r\n\t\t\t\t\t</p>\r\n\t\t\t\t</div>\r\n\t\t\t</div>\r\n\t\t</div>\r\n\t</div>\r\n\t\r\n\t<div class=\"container\">\r\n\t\t<div class=\"row\">\r\n\t\t\t<div class=\"span3\">\r\n\t\t\t\t<div class=\"well sidebar-nav\">\r\n\t\t\t\t\t<ul class=\"nav nav-list\">\r\n\t\t\t\t\t\t<li>Base Fee: <span id=\"base\" class=\"badge pull-right\"></span></li>\r\n\t\t\t\t\t\t<li>Bonus: <span id=\"bonus\" class=\"badge pull-right\"></span></li>\r\n\t\t\t\t\t\t<li>Total: <span id=\"total\" class=\"badge badge-success pull-right\"></span></li>\r\n\t\t\t\t\t</ul>\r\n\t\t\t\t</div>\r\n\t\t\t</div>\r\n\t\t\t<div class=\"span9\">\r\n\t\t\t\t<div class=\"row\">\r\n\t\t\t\t\t<div class=\"span9\" id=\"content\"></div>\r\n\t\t\t\t</div>\r\n\t\t\t</div>\r\n\t\t</div>\r\n\t\t<div class=\"row\">\r\n\t\t\t<div class=\"span12\">\r\n\t\t\t\t<hr/>\r\n\t\t\t</div>\r\n\t\t</div>\r\n\t</div>\r\n</body>\r\n</html>\r\n", "name": "Finish", "css": ".dummy {\r\n  \r\n}\r\n", "js": "var ROLE = {\r\n  P: 0,\r\n\tR: 1\r\n};\r\n\r\nvar rs = RedwoodSubject; //create an alias for RedwoodSubject\r\n\r\nvar state = {}; //State object\r\n\r\nvar Display = { //Display controller\r\n\r\n\tinitialize: function() {\r\n\t\t$(\"#user-id\").text(rs.user_id);\r\n\t\t$(\"#base\").text(\"$\" + state.result.show_up_fee.toFixed(2));\r\n\t\t$(\"#bonus\").text(\"$\" + state.result.bonus.toFixed(2));\r\n\t\t$(\"#total\").text(\"$\" + rs.accumulated_points.toFixed(2));\r\n\t\tvar html = \"You will be paid a bonus according to your answer in line \" + state.result.row + \". You chose option \" + state.result.option + \", You will be paid a bonus of $\" + state.result.bonus.toFixed(2);\r\n\t\t$(\"#content\").append(html);\r\n\t}\r\n};\r\n\r\nrs.create = function() {\r\n\r\n\trs.on_load(function() { //called once the page has loaded for a new sub period\r\n\t\tstate.result = rs.subject[rs.user_id].get(\"result\");\r\n\t\tDisplay.initialize();\r\n\t});\r\n};"}}]