[{"pk": 21, "model": "expecon.experiment", "fields": {"name": "Continuous Market Deploy", "admin_css": "body {\r\n  padding-top: 60px;\r\n}\r\n\r\n", "comments": "", "experimenter": 1, "admin_html": "<!DOCTYPE HTML>\r\n<html ng-app=\"Redwood\">\r\n  <head>\r\n\t\t<title>Continuous Market Admin</title>\r\n\t\t<script type=\"text/javascript\" src=\"{{ STATIC_URL }}framework/js/lib/jquery/jquery.min.js\"></script>\r\n\t\t<script type=\"text/javascript\" src=\"{{ STATIC_URL }}framework/js/lib/bootstrap/bootstrap-3.1.1.min.js\"></script>\r\n\t\t<script type=\"text/javascript\" src=\"{{ STATIC_URL }}framework/js/lib/angular/angular-1.2.16.js\"></script>\r\n\t\t<script type=\"text/javascript\" src=\"{{ STATIC_URL }}framework/js/redwoodCore.js\"></script>\r\n\t\t<script type=\"text/javascript\" src=\"{{ STATIC_URL }}framework/js/redwoodHelpers.js\"></script>\r\n\t\t<script type=\"text/javascript\" src=\"{{ STATIC_URL }}framework/js/redwoodAdmin.js\"></script>\r\n\t\t<link type=\"text/css\" rel=\"stylesheet\" href=\"{{ STATIC_URL }}framework/css/bootstrap.min.css\"></link>\r\n\t\t<script type=\"text/javascript\">\r\n\t\t\t{{ js }}\r\n\t\t</script>\r\n\t\t<style type=\"text/css\">\r\n\t\t\t{{ css }}\r\n\t\t</style>\r\n\t</head>\r\n\t<body ng-controller=\"AdminCtrl\">\r\n\t\t<div class=\"navbar navbar-fixed-top container\">\r\n\t\t\t<div class=\"navbar-inner\">\r\n\t\t\t\t<div class=\"container-fluid\">\r\n\t\t\t\t\t<div class=\"brand\" href=\"#\">Economics Experiment</div>\r\n\t\t\t\t\t<div class=\"nav-collapse collapse\">\r\n\t\t\t\t\t\t<p class=\"navbar-text pull-right\">Administrator</p>\r\n\t\t\t\t\t</div>\r\n\t\t\t\t</div>\r\n\t\t\t</div>\r\n\t\t</div>\r\n\r\n\t\t<div class=\"container\">\r\n\t\t\t<div class=\"row\">\r\n\t\t\t\t<div class=\"span3\">\r\n\t\t\t\t\t<div class=\"row\">\r\n\t\t\t\t\t\t<div class=\"span3\">\r\n\t\t\t\t\t\t\t<div class=\"well sidebar-nav\">\r\n\t\t\t\t\t\t\t\t<ul class=\"nav nav-list\">\r\n\t\t\t\t\t\t\t\t\t<li><span id=\"router-status\" class=\"badge badge-important\"></span></li>\r\n\t\t\t\t\t\t\t\t</ul>\r\n\t\t\t\t\t\t\t</div>\r\n\t\t\t\t\t\t</div>\r\n\t\t\t\t\t</div>\r\n\t\t\t\t\t<div class=\"row\">\r\n\t\t\t\t\t\t<div class=\"span3\">\r\n\t\t\t\t\t\t\t<div class=\"well sidebar-nav\">\r\n\t\t\t\t\t\t\t\t<ul class=\"nav nav-list\">\r\n\t\t\t\t\t\t\t\t\t<li><a href=\"admin/payouts\" target=\"_blank\">View Payouts</a></li>\r\n\t\t\t\t\t\t\t\t\t<li><a id=\"archive\" href=\"#\">Archive Session</a></li>\r\n\t\t\t\t\t\t\t\t\t<li><a id=\"download\" href=\"admin/download\">Download Data</a></li>\r\n\t\t\t\t\t\t\t\t</ul>\r\n\t\t\t\t\t\t\t</div>\r\n\t\t\t\t\t\t</div>\r\n\t\t\t\t\t</div>\r\n\t\t\t\t</div>\r\n\t\t\t\t<div class=\"span9\">\r\n\t\t\t\t\t<div class=\"row\">\r\n\t\t\t\t\t\t<div class=\"span9\">\r\n\t\t\t\t\t\t\t<p>Subjects:</p>\r\n\t\t\t\t\t\t\t<table class=\"table table-bordered table-condensed table-striped\">\r\n\t\t\t\t\t\t\t\t<thead>\r\n\t\t\t\t\t\t\t\t<tr><th>ID</th><th>Group</th><th>Period</th><th style=\"width: 150px;\"></th></tr>\r\n\t\t\t\t\t\t\t\t</thead>\r\n\t\t\t\t\t\t\t\t<tbody id=\"subject-list\">\r\n\t\t\t\t\t\t\t\t</tbody>\r\n\t\t\t\t\t\t\t</table>\r\n\t\t\t\t\t\t</div>\r\n\t\t\t\t\t</div>\r\n\t\t\t\t\t<div class=\"row\">\r\n\t\t\t\t\t\t<div class=\"span6\">\r\n\t\t\t\t\t\t\t<button id=\"start-session\" class=\"btn btn-success\">Start Session</button>\r\n\t\t\t\t\t\t\t<button id=\"refresh-subjects\" class=\"btn btn-info\" title=\"Attempt recover by refreshing all subject browsers\">Recover Session</button>\r\n\t\t\t\t\t\t\t<button id=\"reset-session\" class=\"btn btn-danger\">Reset Session</button>\r\n\t\t\t\t\t\t</div>\r\n\t\t\t\t\t\t<div class=\"span3\">\r\n\t\t\t\t\t\t\t<div class=\"pull-right\">\r\n\t\t\t\t\t\t\t\t<button id=\"pause-session\" class=\"btn btn-warning\" disabled=\"disabled\">Pause</button>\r\n\t\t\t\t\t\t\t\t<button id=\"resume-session\" class=\"btn btn-primary\" disabled=\"disabled\">Resume</button>\r\n\t\t\t\t\t\t\t</div>\r\n\t\t\t\t\t\t</div>\r\n\t\t\t\t\t</div>\r\n\t\t\t\t</div>\r\n\t\t\t</div>\r\n\t\t\t<div class=\"row\">\r\n\t\t\t\t<div class=\"span12\">\r\n\t\t\t\t\t<hr/>\r\n\t\t\t\t\t<p>Configuration:</p>\r\n\t\t\t\t\t<load-config></load-config>\r\n\t\t\t\t\t<div style=\"overflow: auto;\">\r\n\t\t\t\t\t\t<table class=\"config table table-bordered table-striped table-condensed\"></table>\r\n\t\t\t\t\t</div>\r\n\t\t\t\t</div>\r\n\t\t\t</div>\r\n\t\t</div>\r\n\t</body>\r\n</html>\r\n", "admin_js": "Redwood.controller(\"AdminCtrl\", [\"$rootScope\", \"$scope\", \"Admin\", function($rootScope, $scope, ra) {\r\n\tvar Display = { //Display controller\r\n\r\n\t\tinitialize: function() {\r\n\t\t\t$(\"#start-session\").click(function () {\r\n\t\t\t\t$(\"#start-session\").attr(\"disabled\", \"disabled\");\r\n\t\t\t\tra.trigger(\"start_session\");\r\n\t\t\t});\r\n\r\n\t\t\tra.on(\"start_session\", function() {\r\n\t\t\t\t$(\"#start-session\").attr(\"disabled\", \"disabled\");\r\n\t\t\t\t$(\"#pause-session\").removeAttr(\"disabled\");\r\n\t\t\t});\r\n\r\n\t\t\t$(\"#refresh-subjects\").click(function () {\r\n\t\t\t\t$(\"#refresh-subjects\").attr(\"disabled\", \"disabled\");\r\n\t\t\t\tra.refreshSubjects().then(function() {\r\n\t\t\t\t\t$(\"#refresh-subjects\").removeAttr(\"disabled\");\r\n\t\t\t\t});\r\n\t\t\t});\r\n\r\n\t\t\t$(\"#reset-session\").click(function () {\r\n\t\t\t\tra.reset();\r\n\t\t\t});\r\n\r\n\t\t\t$(\"#pause-session\").click(function () {\r\n\t\t\t\t$(\"#pause-session\").attr(\"disabled\", \"disabled\");\r\n\t\t\t\tra.trigger(\"pause\");\r\n\t\t\t});\r\n\t\t\tra.on(\"pause\", function() {\r\n\t\t\t\t$(\"#pause-session\").attr(\"disabled\", \"disabled\");\r\n\t\t\t});\r\n\r\n\t\t\t$(\"#resume-session\").click(function () {\r\n\t\t\t\t$(\"#resume-session\").attr(\"disabled\", \"disabled\");\r\n\t\t\t\tra.trigger(\"resume\");\r\n\t\t\t});\r\n\t\t\tra.on(\"resume\", function() {\r\n\t\t\t\t$(\"#resume-session\").attr(\"disabled\", \"disabled\");\r\n\t\t\t\t$(\"#pause-session\").removeAttr(\"disabled\");\r\n\t\t\t});\r\n\r\n\t\t\tra.on_subject_paused(function(userId) {\r\n\t\t\t\t$(\"#pause-session\").attr(\"disabled\", \"disabled\");\r\n\t\t\t\t$(\"tr.subject-\" + userId).addClass(\"warning\"); //Display current period for each user\r\n\t\t\t\t$(\"tr.subject-\" + userId + \" :nth-child(4)\").text(\"Paused\"); //Display current period for each user\r\n\t\t\t});\r\n\r\n\t\t\tra.on_all_paused(function() {\r\n\t\t\t\t$(\"#resume-session\").removeAttr(\"disabled\");\r\n\t\t\t});\r\n\r\n\t\t\tra.on_subject_resumed(function(user) {\r\n\t\t\t\t$(\"tr.subject-\" + user).removeClass(\"warning\"); //Display current period for each user\r\n\t\t\t\t$(\"tr.subject-\" + user + \" :nth-child(4)\").text(\"\"); //Display current period for each user\r\n\t\t\t});\r\n\r\n\t\t\t$(\"#archive\").click(function () {\r\n\t\t\t\tvar r = confirm(\"Are you sure you want to archive this session?\");\r\n\t\t\t\tif(r == true) {\r\n\t\t\t\t\tra.delete_session();\r\n\t\t\t\t}\r\n\t\t\t});\r\n\r\n\t\t\tra.on_router_connected(function(connected) { //Display router connection status\r\n\t\t\t\tvar status = $(\"#router-status\");\r\n\t\t\t\tif (connected) {\r\n\t\t\t\t\tstatus.text(\"Router Connected\");\r\n\t\t\t\t\tstatus.removeClass(\"badge-important\");\r\n\t\t\t\t\tstatus.addClass(\"badge-success\");\r\n\t\t\t\t} else {\r\n\t\t\t\t\tstatus.text(\"Router Disconnected\");\r\n\t\t\t\t\tstatus.removeClass(\"badge-success\");\r\n\t\t\t\t\tstatus.addClass(\"badge-important\");\r\n\t\t\t\t}\r\n\t\t\t});\r\n\r\n\t\t\tra.on_set_period(function(user, period) {\r\n\t\t\t\t$(\"tr.subject-\" + user + \" :nth-child(3)\").text(period); //Display current period for each user\r\n\t\t\t});\r\n\r\n\t\t\tra.on_set_group(function(user, group) {\r\n\t\t\t\t$(\"tr.subject-\" + user + \" :nth-child(2)\").text(group); //Display group for each user\r\n\t\t\t});\r\n\r\n\t\t\tra.on_register(function(user) { //Add a row to the table to each user\r\n\t\t\t\t$(\"#subject-list\").empty();\r\n\t\t\t\tfor(var i = 0, l = ra.subjects.length; i < l; i++) {\r\n\t\t\t\t\t$(\"#subject-list\").append($(\"<tr>\").addClass(\"subject-\" + ra.subjects[i].user_id).append(\r\n\t\t\t\t\t\t$(\"<td>\").text(ra.subjects[i].user_id).after(\r\n\t\t\t\t\t\t\t$(\"<td>\").text(0).after(\r\n\t\t\t\t\t\t\t\t$(\"<td>\").text(0).after(\r\n\t\t\t\t\t\t\t\t\t$(\"<td>\").text(\"\"))))));\r\n\t\t\t\t}\r\n\t\t\t});\r\n\r\n\t\t\tra.on_set_config(function(config) { //Display the config file\r\n\t\t\t\t$(\"table.config\").empty();\r\n\t\t\t\tvar a = $.csv.toArrays(config);\r\n\t\t\t\tfor (var i = 0; i < a.length; i++) {\r\n\t\t\t\t\tvar row = a[i];\r\n\t\t\t\t\tvar tr = $(\"<tr>\");\r\n\t\t\t\t\tfor (var j = 0; j < row.length; j++) {\r\n\t\t\t\t\t\tvar cell = row[j];\r\n\t\t\t\t\t\tvar td = $((i == 0 ? \"<th>\" : \"<td>\")).text(cell);\r\n\t\t\t\t\t\ttr.append(td);\r\n\t\t\t\t\t}\r\n\t\t\t\t\t$(\"table.config\").append(tr);\r\n\t\t\t\t}\r\n\t\t\t});\r\n\t\t}\r\n\t};\r\n\r\n\r\n\tvar resetGroups = function() {\r\n\t\tvar config = ra.get_config(1, 0);\r\n\t\tfor (var i = 0; i < ra.subjects.length; i++) { //set all subjects to group 1 (this is so that matching can be changed per period)\r\n\t\t\tif($.isArray(config.groups)) {\r\n\t\t\t\tfor(var groupId = 0; groupId < config.groups.length; groupId++) {\r\n\t\t\t\t\tif($.isArray(config.groups[groupId])) {\r\n\t\t\t\t\t\tif(config.groups[groupId].indexOf(parseInt(ra.subjects[i].user_id)) > -1) { //Nested group array\r\n\t\t\t\t\t\t\tra.set_group(groupId + 1, ra.subjects[i].user_id);\r\n\t\t\t\t\t\t}\r\n\t\t\t\t\t} else {\r\n\t\t\t\t\t\tra.set_group(1, ra.subjects[i].user_id);\r\n\t\t\t\t\t}\r\n\t\t\t\t}\r\n\t\t\t} else {\r\n\t\t\t\tra.set_group(1, ra.subjects[i].user_id);\r\n\t\t\t}\r\n\t\t}\r\n\t};\r\n\r\n\tDisplay.initialize();\r\n\r\n\tra.on_load(function () {\r\n\t\tresetGroups(); //Assign groups to users\r\n\t});\r\n\r\n\tra.on_register(function(user) { //Add a row to the table to each user\r\n\t\tresetGroups();\r\n\t});\r\n\r\n\tra.on(\"start_session\", function() {\r\n\t\tra.start_session();\r\n\t});\r\n\r\n\tra.on(\"pause\", function() {\r\n\t\tra.pause();\r\n\t});\r\n\r\n\tra.on(\"resume\", function() {\r\n\t\tra.resume();\r\n\t});\r\n\r\n}]);\r\n\r\n", "rt_js": ""}}, {"pk": 68, "model": "expecon.page", "fields": {"experiment": 21, "html": "{% load verbatim %}\r\n<!DOCTYPE HTML>\r\n<html ng-app=\"Redwood\">\r\n\t<head>\r\n\t\t<title>Wait</title>\r\n\r\n\t\t<script type=\"text/javascript\" src=\"{{ STATIC_URL }}framework/js/lib/jquery/jquery.min.js\"></script>\r\n\t\t<script type=\"text/javascript\" src=\"{{ STATIC_URL }}framework/js/lib/bootstrap/bootstrap-3.1.1.min.js\"></script>\r\n\t\t<script type=\"text/javascript\" src=\"{{ STATIC_URL }}framework/js/lib/angular/angular-1.2.16.js\"></script>\r\n\t\t<script type=\"text/javascript\" src=\"{{ STATIC_URL }}framework/js/redwoodCore.js\"></script>\r\n\t\t<script type=\"text/javascript\" src=\"{{ STATIC_URL }}framework/js/redwoodHelpers.js\"></script>\r\n\t\t<script type=\"text/javascript\" src=\"{{ STATIC_URL }}framework/js/redwoodSubject.js\"></script>\r\n\t\t<link type=\"text/css\" rel=\"stylesheet\" href=\"{{ STATIC_URL }}framework/css/bootstrap-3.1.1.min.css\"></link>\r\n\t\t<script type=\"text/javascript\">\r\n\t\t\t{{ js }}\r\n\t\t</script>\r\n\t\t<style type=\"text/css\">\r\n\t\t\t{{ css }}\r\n\t\t</style>\r\n\t</head>\r\n{% verbatim %}\r\n\t<body ng-controller=\"SubjectCtrl\">\r\n\t\t\r\n\t\t<div class=\"navbar navbar-fixed-top container\">\r\n\t\t\t<div class=\"navbar navbar-default\" style=\"margin-bottom: 0;\">\r\n\t\t\t\t<div class=\"navbar-brand\" href=\"#\">Economics Experiment</div>\r\n\t\t\t\t<ul class=\"nav navbar-nav\">\r\n\t\t\t\t\t<li class=\"active\">\r\n\t\t\t\t\t\t<a>User ID: <span>{{ $root.user_id }}</span></a>\r\n\t\t\t\t\t</li>\r\n\t\t\t\t</ul>\r\n\t\t\t</div>\r\n\t\t</div>\r\n\t\t\r\n\t\t<div class=\"container\">\r\n\t\t\t<div class=\"row\">\r\n\t\t\t\t<div class=\"col-lg-12\">\r\n\t\t\t\t\tPlease wait for experiment to start...\r\n\t\t\t\t</div>\r\n\t\t\t</div>\r\n\t\t</div>\r\n\t</body>\r\n{% endverbatim %}\r\n</html>\r\n\r\n", "name": "Wait", "css": "body {\r\n  padding-top: 60px;\r\n}", "js": "Redwood.controller(\"SubjectCtrl\", [\"$rootScope\", \"$scope\", \"RedwoodSubject\", function($rootScope, $scope, rs) {\r\n  rs.on_load(function() { //called once the page has loaded for a new sub period\r\n    rs.next_period();\r\n\t});\r\n}]);"}}, {"pk": 69, "model": "expecon.page", "fields": {"experiment": 21, "html": "{% load verbatim %}\r\n<!DOCTYPE HTML>\r\n<html ng-app=\"Redwood\">\r\n<head>\r\n  <title>Start</title>\r\n\t<script type=\"text/javascript\" src=\"{{ STATIC_URL }}framework/js/lib/jquery/jquery.min.js\"></script>\r\n\t<script type=\"text/javascript\" src=\"{{ STATIC_URL }}framework/js/lib/bootstrap/bootstrap-3.1.1.min.js\"></script>\r\n\t<script type=\"text/javascript\" src=\"{{ STATIC_URL }}framework/js/lib/angular/angular-1.2.16.js\"></script>\r\n  \r\n  <script type=\"text/javascript\" src=\"{{ STATIC_URL }}framework/js/lib/d3/d3.js\"></script>\r\n\t<script type=\"text/javascript\" src=\"{{ STATIC_URL }}framework/js/d3rw.js\"></script>\r\n\t<script type=\"text/javascript\" src=\"{{ STATIC_URL }}framework/js/redwoodCore.js\"></script>\r\n  <script type=\"text/javascript\" src=\"{{ STATIC_URL }}framework/js/redwoodHelpers.js\"></script>\r\n  <script type=\"text/javascript\" src=\"{{ STATIC_URL }}framework/js/redwoodSubject.js\"></script>\r\n\t<script type=\"text/javascript\" src=\"{{ STATIC_URL }}framework/js/asyncCallManagerService.js\"></script>\r\n  <script type=\"text/javascript\" src=\"{{ STATIC_URL }}framework/js/redwoodSubject.js\"></script>\r\n\t<link type=\"text/css\" rel=\"stylesheet\" href=\"{{ STATIC_URL }}framework/css/bootstrap-3.1.1.min.css\"></link>\r\n\t<script type=\"text/javascript\">\r\n\t\tvar IMAGE_URL = \"{{ STATIC_URL }}/img/Ultimatum\";\r\n\t\t{{ js }}\r\n\t</script>\r\n\t<style type=\"text/css\">\r\n\t\t{{ css }}\r\n\t</style>\r\n</head>\r\n{% verbatim %}\r\n<body style=\"padding-top:60px;\" ng-controller=\"SubjectCtrl\">\r\n<div class=\"container\">\r\n\r\n  <div class=\"navbar navbar-fixed-top container\">\r\n\t\t<div class=\"navbar navbar-default\" style=\"margin-bottom: 0;\">\r\n\t\t\t<div class=\"navbar-brand\" href=\"#\">Economics Experiment</div>\r\n\t\t\t<ul class=\"nav navbar-nav\">\r\n\t\t\t\t<li class=\"active\">\r\n\t\t\t\t\t<a>User ID: <span>{{$root.user_id}}</span></a>\r\n\t\t\t\t</li>\r\n\t\t\t</ul>\r\n\t\t\t<div class=\"navbar-right\">\r\n\t\t\t\t<div class=\"navbar-text\">Period: <span>{{$root.period}}</span></div>\r\n\t\t\t\t<div class=\"navbar-text\">Round: <span>{{round}} / {{rounds}}</span></div>\r\n\t\t\t\t<div class=\"navbar-text\">Time: <span>{{timeRemaining | timeString}}</span></div>\r\n\t\t\t</div>\r\n\t\t</div>\r\n\t</div>\r\n\r\n\t<div class=\"row\">\r\n\t\t<div class=\"col-lg-12\">\r\n\t\t\t<div class=\"row\">\r\n\t\t\t\t<div class=\"col-lg-6\">\r\n\t\t\t\t\t<div class=\"row\">\r\n\t\t\t\t\t\t<div class=\"col-lg-4\" style=\"padding-right: 5px;\">\r\n\t\t\t\t\t\t\t<div class=\"panel panel-default\">\r\n\t\t\t\t\t\t\t\t<div class=\"panel-heading\">Bids</div>\r\n\t\t\t\t\t\t\t\t<div class=\"panel-body\">\r\n\t\t\t\t\t\t\t\t\t<div class=\"panel panel-default\" style=\"height: 300px; overflow-y: auto;\">\r\n\t\t\t\t\t\t\t\t\t\t<div class=\"panel-body\">\r\n\t\t\t\t\t\t\t\t\t\t\t<div class=\"input-group input-group-sm\">\r\n\t\t\t\t\t\t\t\t\t\t\t\t<span class=\"input-group-addon no-input\" style=\"font-weight: bold;\">Price</span>\r\n\t\t\t\t\t\t\t\t\t\t\t\t<span class=\"input-group-addon\" style=\"font-weight: bold;\">Qty</span>\r\n\t\t\t\t\t\t\t\t\t\t\t</div>\r\n\t\t\t\t\t\t\t\t\t\t\t<div id=\"bids-container\">\r\n\t\t\t\t\t\t\t\t\t\t\t\t<div ng-repeat=\"bid in bids\"\r\n\t\t\t\t\t\t\t\t\t\t\t\t\t class=\"input-group input-group-sm\"\r\n\t\t\t\t\t\t\t\t\t\t\t\t\t key=\"{{bid.key}}\"\r\n\t\t\t\t\t\t\t\t\t\t\t\t\t ng-click=\"projectOffer(bid)\"\r\n\t\t\t\t\t\t\t\t\t\t\t\t\t ng-dblclick=\"openOffer(bid)\"\r\n\t\t\t\t\t\t\t\t\t\t\t\t\t style=\"cursor: pointer;\">\r\n\t\t\t\t\t\t\t\t\t\t\t\t\t<span class=\"input-group-addon no-input\"\r\n\t\t\t\t\t\t\t\t\t\t\t\t\t\t  ng-class=\"{'alert-danger': bid.user_id == $root.user_id}\">\r\n\t\t\t\t\t\t\t\t\t\t\t\t\t\t{{bid.price | number : 2}}\r\n\t\t\t\t\t\t\t\t\t\t\t\t\t</span>\r\n\t\t\t\t\t\t\t\t\t\t\t\t\t<span class=\"input-group-addon no-input\"\r\n\t\t\t\t\t\t\t\t\t\t\t\t\t\t  ng-class=\"{'alert-danger': bid.user_id == $root.user_id}\">\r\n\t\t\t\t\t\t\t\t\t\t\t\t\t\t{{bid.qty | number : 2}}\r\n\t\t\t\t\t\t\t\t\t\t\t\t\t</span>\r\n\t\t\t\t\t\t\t\t\t\t\t\t</div>\r\n\t\t\t\t\t\t\t\t\t\t\t</div>\r\n\t\t\t\t\t\t\t\t\t\t</div>\r\n\t\t\t\t\t\t\t\t\t</div>\r\n\t\t\t\t\t\t\t\t\t<div id=\"bidForm\" ng-show=\"config.canBid\" ng-enabled=\"inputsEnabled\" class=\"form-group\">\r\n\t\t\t\t\t\t\t\t\t\t<div class=\"input-group input-group-sm\">\r\n\t\t\t\t\t\t\t\t\t\t\t<span class=\"input-group-addon\">Price</span>\r\n\t\t\t\t\t\t\t\t\t\t\t<input type=\"number\" ng-model=\"bid.price\" ng-change=\"onBidInputChange()\" min=\"0\" id=\"bid-price\" class=\"form-control\"/>\r\n\t\t\t\t\t\t\t\t\t\t</div>\r\n\t\t\t\t\t\t\t\t\t\t<div class=\"input-group input-group-sm\">\r\n\t\t\t\t\t\t\t\t\t\t\t<span class=\"input-group-addon\">Qty</span>\r\n\t\t\t\t\t\t\t\t\t\t\t<input type=\"number\" ng-model=\"bid.qty\" ng-change=\"onBidInputChange()\" min=\"0\" class=\"form-control\"/>\r\n\t\t\t\t\t\t\t\t\t\t</div>\r\n\t\t\t\t\t\t\t\t\t\t<button ng-click=\"submitBid()\" ng-disabled=\"bidButtonLocked\" class=\"btn btn-success btn-sm\">Bid</button>\r\n\t\t\t\t\t\t\t\t\t</div>\r\n\t\t\t\t\t\t\t\t</div>\r\n\t\t\t\t\t\t\t</div>\r\n\t\t\t\t\t\t</div>\r\n\t\t\t\t\t\t<div class=\"col-lg-4\" style=\"padding-left: 5px; padding-right: 5px;\">\r\n\t\t\t\t\t\t\t<div class=\"panel panel-default\">\r\n\t\t\t\t\t\t\t\t<div class=\"panel-heading\">Trades</div>\r\n\t\t\t\t\t\t\t\t<div class=\"panel-body\">\r\n\t\t\t\t\t\t\t\t\t<div class=\"panel panel-default\" style=\"height: 300px; overflow-y: auto;\">\r\n\t\t\t\t\t\t\t\t\t\t<div class=\"panel-body\">\r\n\t\t\t\t\t\t\t\t\t\t\t<div class=\"input-group input-group-sm\">\r\n\t\t\t\t\t\t\t\t\t\t\t\t<span class=\"input-group-addon no-input\" style=\"font-weight: bold;\">Price</span>\r\n\t\t\t\t\t\t\t\t\t\t\t\t<span class=\"input-group-addon\" style=\"font-weight: bold;\">Qty</span>\r\n\t\t\t\t\t\t\t\t\t\t\t</div>\r\n\t\t\t\t\t\t\t\t\t\t\t<div id=\"trades-container\">\r\n\t\t\t\t\t\t\t\t\t\t\t\t<div ng-repeat=\"trade in trades\"\r\n\t\t\t\t\t\t\t\t\t\t\t\t\t class=\"input-group input-group-sm\">\r\n\t\t\t\t\t\t\t\t\t\t\t\t\t<span class=\"input-group-addon no-input\"\r\n\t\t\t\t\t\t\t\t\t\t\t\t\t\t  ng-class=\"{'alert-danger': trade.user_id == $root.user_id}\">\r\n\t\t\t\t\t\t\t\t\t\t\t\t\t\t{{trade.price | number : 2}}\r\n\t\t\t\t\t\t\t\t\t\t\t\t\t</span>\r\n\t\t\t\t\t\t\t\t\t\t\t\t\t<span class=\"input-group-addon no-input\"\r\n\t\t\t\t\t\t\t\t\t\t\t\t\t\t  ng-class=\"{'alert-danger': trade.user_id == $root.user_id}\">\r\n\t\t\t\t\t\t\t\t\t\t\t\t\t\t{{trade.qty | number : 2}}\r\n\t\t\t\t\t\t\t\t\t\t\t\t\t</span>\r\n\t\t\t\t\t\t\t\t\t\t\t\t</div>\r\n\t\t\t\t\t\t\t\t\t\t\t</div>\r\n\t\t\t\t\t\t\t\t\t\t</div>\r\n\t\t\t\t\t\t\t\t\t</div>\r\n\t\t\t\t\t\t\t\t\t<div class=\"form-group\">\r\n\t\t\t\t\t\t\t\t\t\t<div class=\"input-group input-group-sm\">\r\n\t\t\t\t\t\t\t\t\t\t\t<span class=\"input-group-addon\">X</span>\r\n\t\t\t\t\t\t\t\t\t\t\t<span class=\"form-control\">{{allocation.x}}</span>\r\n\t\t\t\t\t\t\t\t\t\t</div>\r\n\t\t\t\t\t\t\t\t\t\t<div class=\"input-group input-group-sm\" style=\"margin-top: 5px;\">\r\n\t\t\t\t\t\t\t\t\t\t\t<span class=\"input-group-addon\">Y</span>\r\n\t\t\t\t\t\t\t\t\t\t\t<span class=\"form-control\">{{allocation.y}}</span>\r\n\t\t\t\t\t\t\t\t\t\t</div>\r\n\t\t\t\t\t\t\t\t\t</div>\r\n\t\t\t\t\t\t\t\t</div>\r\n\t\t\t\t\t\t\t</div>\r\n\t\t\t\t\t\t</div>\r\n\t\t\t\t\t\t<div class=\"col-lg-4\" style=\"padding-left: 5px;\">\r\n\t\t\t\t\t\t\t<div class=\"panel panel-default\">\r\n\t\t\t\t\t\t\t\t<div class=\"panel-heading\">Asks</div>\r\n\t\t\t\t\t\t\t\t<div class=\"panel-body\">\r\n\t\t\t\t\t\t\t\t\t<div class=\"panel panel-default\" style=\"height: 300px; overflow-y: auto;\">\r\n\t\t\t\t\t\t\t\t\t\t<div class=\"panel-body\">\r\n\t\t\t\t\t\t\t\t\t\t\t<div class=\"input-group input-group-sm\">\r\n\t\t\t\t\t\t\t\t\t\t\t\t<span class=\"input-group-addon no-input\" style=\"font-weight: bold;\">Price</span>\r\n\t\t\t\t\t\t\t\t\t\t\t\t<span class=\"input-group-addon\" style=\"font-weight: bold;\">Qty</span>\r\n\t\t\t\t\t\t\t\t\t\t\t</div>\r\n\t\t\t\t\t\t\t\t\t\t\t<div id=\"asks-container\">\r\n\t\t\t\t\t\t\t\t\t\t\t\t<div ng-repeat=\"ask in asks\"\r\n\t\t\t\t\t\t\t\t\t\t\t\t\t class=\"input-group input-group-sm\"\r\n\t\t\t\t\t\t\t\t\t\t\t\t\t key=\"{{ask.key}}\"\r\n\t\t\t\t\t\t\t\t\t\t\t\t\t ng-click=\"projectOffer(ask)\"\r\n\t\t\t\t\t\t\t\t\t\t\t\t\t ng-dblclick=\"openOffer(ask)\"\r\n\t\t\t\t\t\t\t\t\t\t\t\t\t style=\"cursor: pointer;\">\r\n\t\t\t\t\t\t\t\t\t\t\t\t\t<span class=\"input-group-addon no-input\"\r\n\t\t\t\t\t\t\t\t\t\t\t\t\t\t  ng-class=\"{'alert-danger': ask.user_id == $root.user_id}\">\r\n\t\t\t\t\t\t\t\t\t\t\t\t\t\t{{ask.price | number : 2}}\r\n\t\t\t\t\t\t\t\t\t\t\t\t\t</span>\r\n\t\t\t\t\t\t\t\t\t\t\t\t\t<span class=\"input-group-addon no-input\"\r\n\t\t\t\t\t\t\t\t\t\t\t\t\t\t  ng-class=\"{'alert-danger': ask.user_id == $root.user_id}\">\r\n\t\t\t\t\t\t\t\t\t\t\t\t\t\t{{-ask.qty | number : 2}}\r\n\t\t\t\t\t\t\t\t\t\t\t\t\t</span>\r\n\t\t\t\t\t\t\t\t\t\t\t\t</div>\r\n\t\t\t\t\t\t\t\t\t\t\t</div>\r\n\t\t\t\t\t\t\t\t\t\t</div>\r\n\t\t\t\t\t\t\t\t\t</div>\r\n\t\t\t\t\t\t\t\t\t<div id=\"askForm\" ng-show=\"config.canAsk\" ng-enabled=\"inputsEnabled\" class=\"form-group\">\r\n\t\t\t\t\t\t\t\t\t\t<div class=\"input-group input-group-sm\">\r\n\t\t\t\t\t\t\t\t\t\t\t<span class=\"input-group-addon\">Price</span>\r\n\t\t\t\t\t\t\t\t\t\t\t<input type=\"number\" ng-model=\"ask.price\" ng-change=\"onAskInputChange()\" min=\"0\" class=\"form-control\"/>\r\n\t\t\t\t\t\t\t\t\t\t</div>\r\n\t\t\t\t\t\t\t\t\t\t<div class=\"input-group input-group-sm\">\r\n\t\t\t\t\t\t\t\t\t\t\t<span class=\"input-group-addon\">Qty</span>\r\n\t\t\t\t\t\t\t\t\t\t\t<input type=\"number\" ng-model=\"ask.qty\" ng-change=\"onAskInputChange()\" min=\"0\" class=\"form-control\"/>\r\n\t\t\t\t\t\t\t\t\t\t</div>\r\n\t\t\t\t\t\t\t\t\t\t<button ng-click=\"submitAsk()\" ng-disabled=\"askButtonLocked\" class=\"btn btn-success btn-sm\">Ask</button>\r\n\t\t\t\t\t\t\t\t\t</div>\r\n\t\t\t\t\t\t\t\t</div>\r\n\t\t\t\t\t\t\t</div>\r\n\t\t\t\t\t\t</div>\r\n\t\t\t\t\t</div>\r\n\t\t\t\t</div>\r\n\t\t\t\t<div class=\"col-lg-6\">\r\n\t\t\t\t\t<div style=\"padding-right: 4px;\">\r\n\t\t\t\t\t\t<svg-plot ng-show=\"config.showHeatmap\"\r\n\t\t\t\t\t\t\t\t  config=\"plotModel.config\"\r\n\t\t\t\t\t\t\t\t  bid-projections=\"plotModel.bidProjections\"\r\n\t\t\t\t\t\t\t\t  ask-projections=\"plotModel.askProjections\"\r\n\t\t\t\t\t\t\t\t  allocation=\"plotModel.allocation\"\r\n\t\t\t\t\t\t\t\t  hover=\"plotModel.hover\">\r\n\t\t\t\t\t\t</svg-plot>\r\n\t\t\t\t\t</div>\r\n\t\t\t\t</div>\r\n\t\t\t</div>\r\n\t\t</div>\r\n\t</div>\r\n\t<div class=\"row\">\r\n\t\t<hr style=\"margin-top:20px;\"/>\r\n\t\t<div class=\"col-lg-12\" id=\"footer\">\r\n\r\n\t\t</div>\r\n\t</div>\r\n\r\n\t<div class=\"modal fade\" id=\"acceptModal\" tabindex=\"-1\" role=\"dialog\" aria-labelledby=\"title\" aria-hidden=\"true\" data-keyboard=\"true\">\r\n\t\t<div class=\"modal-dialog modal-sm\">\r\n\t\t\t<div class=\"modal-content\" ng-enabled=\"inputsEnabled\">\r\n\t\t\t\t<div class=\"modal-header\">\r\n\t\t\t\t\t<button type=\"button\" class=\"close\" data-dismiss=\"modal\" aria-hidden=\"true\">&times;</button>\r\n\t\t\t\t\t<h4 class=\"modal-title\" id=\"title\">Accept <span id=\"acceptType\">{{selectedOffer | offerType}}</span></h4>\r\n\t\t\t\t</div>\r\n\t\t\t\t<div id=\"modalBody\" class=\"modal-body\">\r\n\t\t\t\t\t<div class=\"input-group input-group-sm\">\r\n\t\t\t\t\t\t<span class=\"input-group-addon no-input\">Price: <span>{{selectedOffer.price | abs | number : 2}}</span></span>\r\n\t\t\t\t\t\t<span class=\"input-group-addon\">Qty: <span>{{selectedOffer.qty | abs | number : 2}}</span></span>\r\n\t\t\t\t\t</div>\r\n\t\t\t\t\t<div class=\"input-group input-group-sm\">\r\n\t\t\t\t\t\t<span class=\"input-group-addon\">Accept</span>\r\n\t\t\t\t\t\t<input type=\"number\" ng-model=\"accept.qty\" min=\"0\" class=\"form-control\"/>\r\n\t\t\t\t\t</div>\r\n\t\t\t\t</div>\r\n\t\t\t\t<div class=\"modal-footer\">\r\n\t\t\t\t\t<button ng-click=\"acceptOffer()\" type=\"button\" class=\"btn btn-success btn-sm\">Accept</button>\r\n\t\t\t\t</div>\r\n\t\t\t</div>\r\n\t\t</div>\r\n\t</div>\r\n</div>\r\n\r\n</body>\r\n{% endverbatim %}\r\n</html>\r\n", "name": "Start", "css": ".rotate90 {\r\n  -moz-transform: rotate(-90.0deg);  /* FF3.5+ */\r\n  -o-transform: rotate(-90.0deg);  /* Opera 10.5 */\r\n  -webkit-transform: rotate(-90.0deg);  /* Saf3.1+, Chrome */\r\n}\r\n\r\n.input-group {\r\n  margin-bottom: 5px;\r\n}\r\n\r\n.input-group-addon.no-input {\r\n  border-right: 1px solid #ccc;  \r\n}\r\n\r\n.allocation-container {\r\n  fill: black;\r\n}\r\n.allocation-container > .indifference-curve {\r\n  stroke: black;\r\n}\r\n\r\n.hover-container {\r\n  fill: grey;\r\n}\r\n.hover-container > .indifference-curve {\r\n  stroke: grey;\r\n}\r\n\r\n.reference-curve {\r\n  stroke: black;\r\n}\r\n\r\n.indifference-curve {\r\n  stroke-width: 1.5px;\r\n}\r\n\r\n.axis text, .axis.label {\r\n  font-family: sans-serif;\r\n  font-size: 11px;    \r\n}\r\n\r\n.axis path,\r\n.axis line {\r\n  fill: none;\r\n  stroke: black;\r\n  shape-rendering: crispEdges;\r\n}\r\n\r\n.color-red {\r\n  background-color: #f2dede;\r\n  border-color: #ebccd1;\r\n  color: #a94442;\r\n}\r\n\r\n.offer {\r\n  cursor: pointer;\r\n}", "js": "Redwood.controller(\"SubjectCtrl\", [\"$compile\", \"$rootScope\", \"$scope\", \"$timeout\", \"RedwoodSubject\", function($compile, $rootScope, $scope, $timeout, rs) {\r\n\r\n  $scope.bid = {};\r\n\t$scope.ask = {};\r\n\r\n\t$scope.plotModel = {\r\n\t\tconfig: {},\r\n\t\tbidProjections: [],\r\n\t\taskProjections: [],\r\n\t\thover: false,\r\n\t\tallocation: false\r\n\t};\r\n\r\n\t$scope.accept = {\r\n\t\tqty: 0\r\n\t};\r\n\r\n\t$scope.onBidInputChange = function() {\r\n\t\tif(isValidBid($scope.bid.price, $scope.bid.qty)) {\r\n\t\t\tvar y = $scope.allocation.y - ($scope.bid.price * $scope.bid.qty);\r\n\t\t\tvar x = $scope.allocation.x + $scope.bid.qty;\r\n\t\t\t$scope.plotModel.hover = {x: x, y: y};\r\n\t\t} else {\r\n\t\t\t$scope.plotModel.hover = false;\r\n\t\t}\r\n\t};\r\n\r\n\t$scope.submitBid = function() {\r\n\t\tif(isValidBid($scope.bid.price, $scope.bid.qty)) {\r\n\t\t\t$scope.bidButtonLocked = true;\r\n\t\t\tvar index = rs.subject[rs.user_id].data.offer ? rs.subject[rs.user_id].data.offer.length : 0;\r\n\t\t\trs.trigger(\"offer\", {index: index, price: $scope.bid.price, qty: $scope.bid.qty});\r\n\t\t\t$scope.bid = {};\r\n\t\t}\r\n\t};\r\n\r\n\t$scope.onAskInputChange = function() {\r\n\t\tif(isValidAsk($scope.ask.price, -$scope.ask.qty)) {\r\n\t\t\tvar y = $scope.allocation.y + ($scope.ask.price * $scope.ask.qty);\r\n\t\t\tvar x = $scope.allocation.x - $scope.ask.qty;\r\n\t\t\t$scope.plotModel.hover = {x: x, y: y};\r\n\t\t} else {\r\n\t\t\t$scope.plotModel.hover = false;\r\n\t\t}\r\n\t};\r\n\r\n\t$scope.submitAsk = function() {\r\n\t\tif(isValidAsk($scope.ask.price, -$scope.ask.qty)) {\r\n\t\t\t$scope.askButtonLocked = true;\r\n\t\t\tvar index = rs.subject[rs.user_id].data.offer ? rs.subject[rs.user_id].data.offer.length : 0;\r\n\t\t\trs.trigger(\"offer\", {index: index, price: $scope.ask.price, qty: -$scope.ask.qty});\r\n\t\t\t$scope.ask = {};\r\n\t\t}\r\n\t};\r\n\r\n\t$scope.projectOffer = function(offer) {\r\n\t\tif(!$scope.inputsEnabled) return;\r\n\t\tif(offer.user_id === rs.user_id) return;\r\n\t\tif(offer.qty < 0 && !$scope.config.canBuy) return;\r\n\t\tif(offer.qty > 0 && !$scope.config.canSell) return;\r\n\t\tvar y = $scope.allocation.y + (offer.price * offer.qty);\r\n\t\tvar x = $scope.allocation.x - offer.qty;\r\n\t\t$scope.plotModel.hover = {x: x, y: y};\r\n\t};\r\n\r\n\t$scope.openOffer = function(offer) {\r\n\t\tif(!$scope.inputsEnabled) return;\r\n\t\tif(offer.qty < 0 && !$scope.config.canBuy && offer.user_id !== rs.user_id) return;\r\n\t\tif(offer.qty > 0 && !$scope.config.canSell && offer.user_id !== rs.user_id) return;\r\n\t\tif(offer.user_id != rs.user_id) {\r\n\t\t\t$scope.selectedOffer = offer;\r\n\t\t\t$scope.accept.qty = Math.abs(offer.qty);\r\n\t\t\t$(\"#acceptModal\").modal('show');\r\n\t\t}\r\n\t};\r\n\r\n\t$scope.acceptOffer = function() {\r\n\t\tif(!$scope.inputsEnabled) return;\r\n\t\tvar offer = $scope.selectedOffer;\r\n\t\tif(offer.qty < 0 && !$scope.config.canBuy) return;\r\n\t\tif(offer.qty > 0 && !$scope.config.canSell) return;\r\n\r\n\t\tif($scope.accept.qty > 0 && $scope.accept.qty <= Math.abs(offer.qty)) {\r\n\t\t\t$(this).attr(\"disabled\", \"disabled\");\r\n\t\t\trs.trigger(\"accept\", {user_id: offer.user_id, key: offer.key, qty: Math.abs(offer.qty) / offer.qty * $scope.accept.qty});\r\n\t\t\t$(\"#acceptModal\").modal('hide');\r\n\t\t} else {\r\n\t\t\talert(\"Please enter a valid quantity to accept for this offer.\");\r\n\t\t}\r\n\t};\r\n\r\n\t$scope.$on(\"heatMap.click\", function(e, x, y) {\r\n\t\tvar qty = x - $scope.allocation.x;\r\n\t\tvar price = (($scope.allocation.y - y) / qty);\r\n\r\n\t\t$scope.ask = {};\r\n\t\t$scope.bid = {};\r\n\r\n\t\tif($scope.config.canBid && isValidBid(price, qty)) {\r\n\t\t\t$scope.bid = {price: price, qty: qty};\r\n\r\n\t\t} else if($scope.config.canAsk && isValidAsk(price, qty)) {\r\n\t\t\t$scope.ask = {price: price, qty: -qty};\r\n\t\t}\r\n\t});\r\n\r\n\trs.on(\"trade\", function() {\r\n\t\t$scope.trades = rs.data.trade || [];\r\n\t});\r\n\trs.recv(\"trade\", function() {\r\n\t\t$scope.trades = rs.data.trade || [];\r\n\t});\r\n\r\n\tfunction isValidBid(price, qty) {\r\n\t\treturn !isNaN(price)\r\n\t\t\t&& price >= 0\r\n\t\t\t&& !isNaN(qty)\r\n\t\t\t&& qty > 0;\r\n\t}\r\n\r\n\tfunction isValidAsk(price, qty) {\r\n\t\treturn !isNaN(price)\r\n\t\t\t&& price >= 0\r\n\t\t\t&& !isNaN(qty)\r\n\t\t\t&& qty < 0;\r\n\t}\r\n\r\n\trs.on_load(function() {\r\n\r\n\t\tprocessConfig();\r\n\r\n\t\t$scope.utilityFunction = new Function([\"x\", \"y\"], \"return \" + $scope.config.utility + \";\");\r\n\r\n\t\t$scope.dotsPerLine = 80;\r\n\r\n\t\t$scope.Ex = $scope.config.Ex;\r\n\t\t$scope.Ey = $scope.config.Ey;\r\n\r\n\t\t$scope.showDefault = $scope.config.enableDefault && $scope.config.showDefault;\r\n\r\n\t\t$scope.plotModel.config.utilityFunction = $scope.utilityFunction;\r\n\t\t$scope.plotModel.config.dotsPerLine = $scope.dotsPerLine;\r\n\t\t$scope.plotModel.config.numCurves = $scope.config.numCurves;\r\n\r\n\t\t$scope.rounds = $scope.config.rounds || 1;\r\n\t\t$scope.round = 0;\r\n\t\trs.trigger(\"next_round\");\r\n\r\n\t});\r\n\r\n\tvar checkTime = function() {\r\n\t\tif(!$scope.roundStartTime) return;\r\n\t\tvar now = (new Date()).getTime() / 1000;\r\n\t\t$scope.timeRemaining = ($scope.roundStartTime + $scope.config.roundDuration) - now;\r\n\t\tif ($scope.timeRemaining <= 0) {\r\n\t\t\t$scope.timeRemaining = 0;\r\n\t\t\t$scope.inputsEnabled = false;\r\n\t\t\t$scope.roundStartTime = null;\r\n\t\t\trs.trigger(\"next_round\");\r\n\t\t} else {\r\n\t\t\t$timeout(checkTime, 1000);\r\n\t\t}\r\n\t};\r\n\r\n\trs.recv(\"next_round\", function(sender, time) {\r\n\t\tif($scope.roundStartTime) {\r\n\t\t\t$scope.inputsEnabled = false;\r\n\t\t\t$scope.roundStartTime = null;\r\n\t\t\trs.trigger(\"next_round\");\r\n\t\t}\r\n\t});\r\n\r\n\r\n\trs.on(\"next_round\", function(time) {\r\n\r\n\t\t$scope.inputsEnabled = false;\r\n\r\n\t\tif($scope.rounds && $scope.round >= $scope.rounds) {\r\n\t\t\trs.trigger(\"next_period\");\r\n\t\t\treturn;\r\n\t\t}\r\n\r\n\t\t//Begin next round\r\n\t\t$scope.round++;\r\n\r\n\t\trs.synchronizationBarrier('round-' + $scope.round).then(function() {\r\n\r\n\t\t\t$scope.allocation = {x: $scope.Ex, y: $scope.Ey};\r\n\r\n\t\t\t$scope.plotModel.config.xLimit = $scope.config.XLimit;\r\n\t\t\t$scope.plotModel.config.yLimit = $scope.config.YLimit;\r\n\t\t\t$scope.$broadcast(\"plot.activate\");\r\n\r\n\t\t\t$scope.offers = {};\r\n\r\n\t\t\t$scope.roundStartTime = (new Date()).getTime() / 1000;\r\n\t\t\trs.trigger(\"roundStartTime\", $scope.roundStartTime);\r\n\t\t\trs.timeout(checkTime);\r\n\r\n\t\t\t$scope.inputsEnabled = true;\r\n\t\t});\r\n\t});\r\n\r\n\trs.on(\"roundStartTime\", function(roundStartTime) {\r\n\t\t$scope.roundStartTime = Math.min(roundStartTime, $scope.roundStartTime);\r\n\t});\r\n\trs.recv(\"roundStartTime\", function(sender, roundStartTime) {\r\n\t\t$scope.roundStartTime = Math.min(roundStartTime, $scope.roundStartTime);\r\n\t});\r\n\r\n\trs.on(\"allocation\", function(allocation) {\r\n\t\t$scope.allocation = allocation;\r\n\t});\r\n\r\n\trs.on(\"offer\", function(offer) {\r\n\t\toffer = $.extend(offer, {user_id: rs.user_id});\r\n\t\tvar key = getOfferKey(offer);\r\n\t\t$scope.offers[key] = $.extend(offer, {key: key});\r\n\r\n\t\t$scope.bidButtonLocked = false;\r\n\t\t$scope.askButtonLocked = false;\r\n\t});\r\n\r\n\trs.recv(\"offer\", function(user_id, offer) {\r\n\t\toffer = $.extend(offer, {user_id: user_id});\r\n\t\tvar key = getOfferKey(offer);\r\n\t\t$scope.offers[key] = $.extend(offer, {key: key});\r\n\t});\r\n\r\n\trs.on(\"accept\", function(accepted) {\r\n\t\tvar offer = $scope.offers[accepted.key];\r\n\t\tif(Math.abs(offer.qty) >= Math.abs(accepted.qty)) {\r\n\t\t\t$scope.allocation.y += offer.price * accepted.qty;\r\n\t\t\t$scope.allocation.x -= accepted.qty;\r\n\t\t\toffer.qty -= accepted.qty;\r\n\t\t\tif(offer.qty == 0) {\r\n\t\t\t\toffer.closed = true;\r\n\t\t\t}\r\n\t\t\trs.trigger(\"trade\", angular.extend(accepted, {price: offer.price}));\r\n\t\t} else {\r\n\t\t\talert(\"Transaction failed.\");\r\n\t\t}\r\n\t});\r\n\r\n\trs.recv(\"accept\", function(sender, accepted) {\r\n\t\tif(Math.abs($scope.offers[accepted.key].qty) >= Math.abs(accepted.qty)) {\r\n\t\t\tif(accepted.user_id == rs.user_id) {\r\n\t\t\t\t$scope.allocation.y -= $scope.offers[accepted.key].price * $scope.offers[accepted.key].qty;\r\n\t\t\t\t$scope.allocation.x += $scope.offers[accepted.key].qty;\r\n\t\t\t}\r\n\t\t\t$scope.offers[accepted.key].qty -= accepted.qty;\r\n\t\t\tif($scope.offers[accepted.key].qty == 0) {\r\n\t\t\t\t$scope.offers[accepted.key].closed = true;\r\n\t\t\t}\r\n\t\t}\r\n\t});\r\n\r\n\trs.on(\"result\", function(value) {\r\n\t\tif(!$scope.results) {\r\n\t\t\t$scope.results = [];\r\n\t\t}\r\n\t\t$scope.results.push(value);\r\n\t});\r\n\r\n\trs.on(\"next_period\", function() {\r\n\t\tvar finalResult = {x: $scope.allocation.x, y: $scope.allocation.y, utility: $scope.utilityFunction($scope.allocation.x, $scope.allocation.y)};\r\n\t\tfinalResult.period = rs.period;\r\n\t\trs.set(\"results\", finalResult);\r\n\t\trs.add_points($scope.utilityFunction($scope.allocation.x, $scope.allocation.y));\r\n\t\trs.next_period();\r\n\t});\r\n\r\n\tvar processConfig = function() {\r\n\t\tvar userIndex = parseInt(rs.user_id) - 1;\r\n\t\t$scope.config = {};\r\n\r\n\t\t$scope.config.Ex = $.isArray(rs.config.Ex) ? rs.config.Ex[userIndex] : rs.config.Ex;\r\n\t\t$scope.config.Ey = $.isArray(rs.config.Ey) ? rs.config.Ey[userIndex] : rs.config.Ey;\r\n\t\t$scope.config.utility = $.isArray(rs.config.utility) ? rs.config.utility[userIndex] : rs.config.utility;\r\n\t\t$scope.config.canBid = $.isArray(rs.config.canBid) ? rs.config.canBid[userIndex] : rs.config.canBid;\r\n\t\t$scope.config.canAsk = $.isArray(rs.config.canAsk) ? rs.config.canAsk[userIndex] : rs.config.canAsk;\r\n\t\t$scope.config.canBuy = $.isArray(rs.config.canBuy) ? rs.config.canBuy[userIndex] : rs.config.canBuy;\r\n\t\t$scope.config.canSell = $.isArray(rs.config.canSell) ? rs.config.canSell[userIndex] : rs.config.canSell;\r\n\r\n\t\t$scope.config.XLimit = $.isArray(rs.config.XLimit) ? rs.config.XLimit[userIndex] : rs.config.XLimit;\r\n\t\t$scope.config.YLimit = $.isArray(rs.config.YLimit) ? rs.config.YLimit[userIndex] : rs.config.YLimit;\r\n\t\t$scope.config.ProbX = $.isArray(rs.config.ProbX) ? rs.config.ProbX[userIndex] : rs.config.ProbX;\r\n\t\t$scope.config.showHeatmap = $.isArray(rs.config.showHeatmap) ? rs.config.showHeatmap[userIndex] : rs.config.showHeatmap;\r\n\t\t$scope.config.numCurves = $.isArray(rs.config.numCurves) ? rs.config.numCurves[userIndex] : rs.config.numCurves;\r\n\r\n\t\t$scope.config.rounds =  rs.config.rounds;\r\n\t\t$scope.config.roundDuration =  rs.config.roundDuration;\r\n\r\n\t\t$scope.config.pause = rs.config.pause;\r\n\t};\r\n\r\n\tfunction getOfferKey(offer) {\r\n\t\treturn offer.user_id + \"-\" + offer.index;\r\n\t}\r\n\r\n\t$scope.$watch(\"offers\", function(offers) {\r\n\t\tif(!offers) return;\r\n\t\t$scope.bids = Object.keys(offers)\r\n\t\t\t.filter(function(d) {\r\n\t\t\t\treturn offers[d].qty > 0 && !offers[d].closed;\r\n\t\t\t})\r\n\t\t\t.sort(function(a, b) {\r\n\t\t\t\treturn offers[a].price - offers[b].price;\r\n\t\t\t})\r\n\t\t\t.map(function(d) {\r\n\t\t\t\treturn offers[d];\r\n\t\t\t});\r\n\r\n\r\n\t\t$scope.asks = Object.keys(offers)\r\n\t\t\t.filter(function(d) {\r\n\t\t\t\treturn offers[d].qty < 0 && !offers[d].closed;\r\n\t\t\t})\r\n\t\t\t.sort(function(a, b) {\r\n\t\t\t\treturn offers[b].price - offers[a].price;\r\n\t\t\t})\r\n\t\t\t.map(function(d) {\r\n\t\t\t\treturn offers[d];\r\n\t\t\t});\r\n\r\n\t\tif($scope.config.canSell) {\r\n\t\t\tvar x = $scope.allocation.x;\r\n\t\t\tvar y = $scope.allocation.y;\r\n\t\t\t$scope.plotModel.bidProjections = $scope.bids\r\n\t\t\t\t.filter(function(bid) {\r\n\t\t\t\t\treturn bid.user_id != rs.user_id;\r\n\t\t\t\t})\r\n\t\t\t\t.map(function(bid) {\r\n\t\t\t\t\tx -= bid.qty;\r\n\t\t\t\t\ty += (bid.price * bid.qty);\r\n\t\t\t\t\treturn {\r\n\t\t\t\t\t\tx: x,\r\n\t\t\t\t\t\ty: y\r\n\t\t\t\t\t};\r\n\t\t\t\t});\r\n\t\t}\r\n\r\n\t\tif($scope.config.canBuy) {\r\n\t\t\tvar x = $scope.allocation.x;\r\n\t\t\tvar y = $scope.allocation.y;\r\n\t\t\t$scope.plotModel.askProjections = $scope.asks\r\n\t\t\t\t.filter(function(ask) {\r\n\t\t\t\t\treturn ask.user_id != rs.user_id;\r\n\t\t\t\t})\r\n\t\t\t\t.map(function(ask) {\r\n\t\t\t\t\tx -= ask.qty;\r\n\t\t\t\t\ty += (ask.price * ask.qty);\r\n\t\t\t\t\treturn {\r\n\t\t\t\t\t\tx: x,\r\n\t\t\t\t\t\ty: y\r\n\t\t\t\t\t};\r\n\t\t\t\t});\r\n\t\t}\r\n\r\n\t}, true /*Deep watch*/);\r\n\r\n\t$scope.$watch(\"allocation\", function(allocation) {\r\n\t\t$scope.plotModel.allocation = allocation;\r\n\t}, true);\r\n\r\n}]);\r\n\r\nRedwood.directive(\"svgPlot\", ['$timeout', 'AsyncCallManager', function($timeout, AsyncCallManager) {\r\n\treturn {\r\n\t\trestrict: 'E',\r\n\t\treplace: true,\r\n\t\tscope: {\r\n\t\t\tconfig: '=',\r\n\t\t\tbidProjections: '=',\r\n\t\t\taskProjections: '=',\r\n\t\t\tallocation: '=',\r\n\t\t\thover: '='\r\n\t\t},\r\n\t\ttemplate: \"<svg version='1.1'></svg>\",\r\n\t\tlink: function($scope, element, attrs) {\r\n\r\n\t\t\tvar utilityGrid,\r\n\t\t\t\tscales = {},\r\n\t\t\t\treferenceValues,\r\n\t\t\t\tmouseDown,\r\n\t\t\t\tdragging = false;\r\n\r\n\t\t\tvar xMin, xMax, yMin, yMax;\r\n\r\n\t\t\tvar svgWidth = $(element[0]).parent().width();\r\n\t\t\tvar svgHeight = svgWidth;\r\n\r\n\t\t\t$(element[0]).height(svgHeight);\r\n\r\n\t\t\tvar svg = d3.select(element[0]);\r\n\r\n\t\t\tvar plotMargin = { top: 10, right: 10, bottom: 40, left: 40 };\r\n\r\n\t\t\tvar plotWidth = svgWidth - plotMargin.left - plotMargin.right;\r\n\t\t\tvar plotHeight = svgHeight - plotMargin.bottom - plotMargin.top;\r\n\r\n\t\t\tsvg.append(\"defs\").append(\"clipPath\")\r\n\t\t\t\t.attr(\"id\", \"plotAreaClip\")\r\n\t\t\t\t.append(\"rect\")\r\n\t\t\t\t.attr(\"x\", \"0\")\r\n\t\t\t\t.attr(\"y\", \"0\")\r\n\t\t\t\t.attr(\"width\", plotWidth)\r\n\t\t\t\t.attr(\"height\", plotHeight);\r\n\r\n\t\t\tvar plot = svg.append(\"g\")\r\n\t\t\t\t.attr(\"transform\", \"translate(\" + plotMargin.left + \",\" + plotMargin.top + \")\")\r\n\t\t\t\t.attr(\"clip-path\", \"url(#plotAreaClip)\");\r\n\r\n\t\t\tvar baseLayer = plot.append(\"g\")\r\n\t\t\t\t.style(\"cursor\", \"pointer\");\r\n\r\n\t\t\tvar heatMapContainer = baseLayer.append(\"g\");\r\n\r\n\t\t\tvar xAxisContainer = svg.append(\"g\")\r\n\t\t\t\t.attr(\"class\", \"axis\")\r\n\t\t\t\t.attr(\"transform\", \"translate(\" + (plotMargin.left) + \", \" + (plotMargin.top + plotHeight) + \")\");\r\n\t\t\tvar xAxis = d3.svg.axis()\r\n\t\t\t\t.outerTickSize(5);\r\n\r\n\t\t\tvar yAxisContainer = svg.append(\"g\")\r\n\t\t\t\t.attr(\"class\", \"axis\")\r\n\t\t\t\t.attr(\"transform\", \"translate(\" + plotMargin.left + \", \" + plotMargin.top + \")\");\r\n\t\t\tvar yAxis = d3.svg.axis()\r\n\t\t\t\t.orient(\"left\")\r\n\t\t\t\t.outerTickSize(5);\r\n\r\n\t\t\tsvg.append(\"text\")\r\n\t\t\t\t.attr(\"class\", \"axis label\")\r\n\t\t\t\t.attr(\"x\", (plotWidth / 2) + plotMargin.left)\r\n\t\t\t\t.attr(\"y\", svgHeight - 5)\r\n\t\t\t\t.text(\"[ X ]\");\r\n\r\n\t\t\tsvg.append(\"text\")\r\n\t\t\t\t.attr(\"class\", \"axis label\")\r\n\t\t\t\t.attr(\"transform\", \"rotate(-90)\")\r\n\t\t\t\t.attr(\"y\", 10)\r\n\t\t\t\t.attr(\"x\", -((plotHeight / 2) + plotMargin.top))\r\n\t\t\t\t.text(\"[ Y ]\");\r\n\r\n\t\t\tvar bidProjectionContainer = baseLayer.append(\"g\")\r\n\t\t\t\t.attr(\"class\", \"bid-projection-container\");\r\n\t\t\tvar askProjectionContainer = baseLayer.append(\"g\")\r\n\t\t\t\t.attr(\"class\", \"ask-projection-container\");\r\n\r\n\t\t\tvar allocationContainer = baseLayer.append(\"g\")\r\n\t\t\t\t.attr(\"class\", \"allocation-container\");\r\n\t\t\tvar allocationText = allocationContainer.append(\"text\")\r\n\t\t\t\t.attr(\"class\", \"allocation-text\");\r\n\t\t\tvar allocationPoint = allocationContainer.append(\"circle\")\r\n\t\t\t\t.attr(\"class\", \"allocation-point\")\r\n\t\t\t\t.attr(\"r\", 5);\r\n\t\t\tvar allocationCurve = d3.rw.indifferenceCurve();\r\n\r\n\t\t\tvar hoverContainer = baseLayer.append(\"g\")\r\n\t\t\t\t.attr(\"class\", \"hover-container\");\r\n\t\t\tvar hoverText = hoverContainer.append(\"text\")\r\n\t\t\t\t.attr(\"class\", \"hover-text\");\r\n\t\t\tvar hoverPoint = hoverContainer.append(\"circle\")\r\n\t\t\t\t.attr(\"class\", \"hover-point\")\r\n\t\t\t\t.attr(\"r\", 5);\r\n\t\t\tvar hoverCurve = d3.rw.indifferenceCurve();\r\n\r\n\t\t\tplot.on(\"click\", function() {\r\n\t\t\t\tvar position = d3.mouse(this);\r\n\t\t\t\tvar x = scales.offsetToX(position[0]);\r\n\t\t\t\tvar y = scales.offsetToY(position[1]);\r\n\t\t\t\t$scope.$emit(\"heatMap.click\", x, y);\r\n\t\t\t});\r\n\r\n\t\t\tplot.on(\"mousedown\", function() {\r\n\t\t\t\tvar position = d3.mouse(this);\r\n\t\t\t\t$scope.$apply(function() {\r\n\t\t\t\t\tmouseDown = {x: scales.offsetToX(position[0]), y: scales.offsetToY(position[1])};\r\n\t\t\t\t});\r\n\t\t\t});\r\n\t\t\tplot.on(\"mouseup\", function() {\r\n\t\t\t\t$scope.$apply(function() {\r\n\t\t\t\t\tmouseDown = false;\r\n\t\t\t\t\tif(dragging) {\r\n\t\t\t\t\t\tdragging = false;\r\n\t\t\t\t\t\tonMove();\r\n\t\t\t\t\t}\r\n\t\t\t\t});\r\n\t\t\t});\r\n\r\n\t\t\tvar from, to;\r\n\t\t\tplot.on(\"mousemove\", function() {\r\n\t\t\t\tvar position = d3.mouse(this);\r\n\t\t\t\t$scope.$apply(function() {\r\n\r\n\t\t\t\t\tvar values = {x: scales.offsetToX(position[0]), y: scales.offsetToY(position[1])};\r\n\r\n\t\t\t\t\tif(mouseDown) {\r\n\t\t\t\t\t\tdragging = true;\r\n\t\t\t\t\t\tfrom = angular.copy(mouseDown);\r\n\t\t\t\t\t\tto = angular.copy(values);\r\n\t\t\t\t\t\tonDrag();\r\n\t\t\t\t\t} else {\r\n\t\t\t\t\t\t$scope.hover = values;\r\n\t\t\t\t\t}\r\n\t\t\t\t});\r\n\t\t\t});\r\n\r\n\t\t\tplot.on(\"mouseleave\", function() {\r\n\t\t\t\t$scope.$apply(function() {\r\n\t\t\t\t\tmouseDown = false;\r\n\t\t\t\t\tif(dragging) {\r\n\t\t\t\t\t\tdragging = false;\r\n\t\t\t\t\t\tto = from;\r\n\t\t\t\t\t\tonDrag();\r\n\t\t\t\t\t}\r\n\t\t\t\t\t$scope.hover = false;\r\n\t\t\t\t});\r\n\t\t\t});\r\n\r\n\t\t\tvar zoom = d3.behavior.zoom()\r\n\t\t\t\t.on(\"zoom\", function() {\r\n\t\t\t\t\t//mouseDown = false;\r\n\t\t\t\t\tvar position = d3.mouse(this);\r\n\t\t\t\t\tvar x = scales.offsetToX(position[0]);\r\n\t\t\t\t\tvar y = scales.offsetToY(position[1]);\r\n\t\t\t\t\tonZoom(x, y);\r\n\t\t\t\t});\r\n\t\t\tplot.call(zoom);\r\n\r\n\t\t\t$scope.$on(\"plot.activate\", function() {\r\n\r\n\t\t\t\tinitialize();\r\n\r\n\t\t\t\t$scope.$watch(\"config\", redrawAll, true);\r\n\t\t\t\t$scope.$watch(\"bidProjections\", function(projections) {\r\n\t\t\t\t\tredrawProjections(projections, \"bid\");\r\n\t\t\t\t}, true);\r\n\t\t\t\t$scope.$watch(\"askProjections\", function(projections) {\r\n\t\t\t\t\tredrawProjections(projections, \"ask\");\r\n\t\t\t\t}, true);\r\n\t\t\t\t$scope.$watch(\"allocation\", redrawAllocation, true);\r\n\t\t\t\t$scope.$watch(\"hover\", redrawHoverCurve, true);\r\n\t\t\t});\r\n\r\n\t\t\tfunction generateScales() {\r\n\t\t\t\tscales.indexToX = d3.scale.linear().domain([0, $scope.config.dotsPerLine - 1]).range([xMin, xMax]);\r\n\t\t\t\tscales.indexToY = d3.scale.linear().domain([0, $scope.config.dotsPerLine - 1]).range([yMin, yMax]);\r\n\t\t\t\tscales.xToOffset = d3.scale.linear().domain([xMin, xMax]).range([0, plotWidth]).clamp(false);\r\n\t\t\t\tscales.yToOffset = d3.scale.linear().domain([yMin, yMax]).range([plotHeight, 0]).clamp(false);\r\n\t\t\t\tscales.xIndexToOffset = function(d) { return scales.xToOffset(scales.indexToX(d)); };\r\n\t\t\t\tscales.yIndexToOffset = function(d) { return scales.yToOffset(scales.indexToY(d)); };\r\n\t\t\t\tscales.offsetToX = d3.scale.linear().domain([0, plotWidth]).range([xMin, xMax]).clamp(true);\r\n\t\t\t\tscales.offsetToY = d3.scale.linear().domain([plotHeight, 0]).range([yMin, yMax]).clamp(true);\r\n\t\t\t}\r\n\r\n\t\t\tfunction onDrag() {\r\n\t\t\t\t/*\r\n\t\t\t\tvar xDiff = scales.xToOffset(to.x) - scales.xToOffset(from.x);\r\n\t\t\t\tvar yDiff = scales.yToOffset(to.y) - scales.yToOffset(from.y);\r\n\t\t\t\tbaseLayer.attr(\"transform\", \"translate(\" + xDiff + \",\" + yDiff + \")\");\r\n\t\t\t\t*/\r\n\t\t\t\tonMove();\r\n\t\t\t}\r\n\r\n\t\t\tvar onMove = AsyncCallManager.mergeOverlappingCallsTo(function() {\r\n\r\n\t\t\t\treturn $timeout(function() {\r\n\t\t\t\t\tvar xDiff = to.x - from.x;\r\n\t\t\t\t\tvar xRange = xMax - xMin;\r\n\t\t\t\t\txMin = Math.max(Math.min($scope.config.xLimit, xMin - xDiff), 0);\r\n\t\t\t\t\txMax = xMin + xRange;\r\n\t\t\t\t\tif(xMax > $scope.config.xLimit) {\r\n\t\t\t\t\t\txMax = $scope.config.xLimit;\r\n\t\t\t\t\t\txMin = xMax - xRange;\r\n\t\t\t\t\t}\r\n\r\n\t\t\t\t\tvar yDiff = to.y - from.y;\r\n\t\t\t\t\tvar yRange = yMax - yMin;\r\n\t\t\t\t\tyMin = Math.max(Math.min($scope.config.yLimit, yMin - yDiff), 0);\r\n\t\t\t\t\tyMax = yMin + yRange;\r\n\t\t\t\t\tif(yMax > $scope.config.yLimit) {\r\n\t\t\t\t\t\tyMax = $scope.config.yLimit;\r\n\t\t\t\t\t\tyMin = yMax - yRange;\r\n\t\t\t\t\t}\r\n\r\n\t\t\t\t\tgenerateScales();\r\n\r\n\t\t\t\t\tbaseLayer.attr(\"transform\", \"translate(\" + \"0\" + \",\" + \"0\" + \")\");\r\n\t\t\t\t\tredrawAll($scope.config);\r\n\t\t\t\t});\r\n\t\t\t});\r\n\r\n\t\t\tfunction onZoom(x, y) {\r\n\t\t\t\tvar scale = 1 / d3.event.scale;\r\n\t\t\t\tif(scale > 1) {\r\n\t\t\t\t\tzoom.scale(1);\r\n\t\t\t\t\tscale = 1;\r\n\t\t\t\t}\r\n\t\t\t\tif(d3.event.scale > 10000) {\r\n\t\t\t\t\tzoom.scale(10000);\r\n\t\t\t\t\tscale = 1 / d3.event.scale;\r\n\t\t\t\t}\r\n\r\n\t\t\t\tvar xRange = $scope.config.xLimit * scale;\r\n\t\t\t\tvar xFactor = (x - xMin) / (xMax - xMin);\r\n\t\t\t\txMin = Math.max(x - (xRange * xFactor), 0);\r\n\t\t\t\txMax = xMin + xRange;\r\n\t\t\t\tif(xMax > $scope.config.xLimit) {\r\n\t\t\t\t\txMax = $scope.config.xLimit;\r\n\t\t\t\t\txMin = xMax - xRange;\r\n\t\t\t\t}\r\n\r\n\t\t\t\tvar yRange = $scope.config.yLimit * scale;\r\n\t\t\t\tvar yFactor = (y - yMin) / (yMax - yMin);\r\n\t\t\t\tyMin = Math.max(y - (yRange * yFactor), 0);\r\n\t\t\t\tyMax = yMin + yRange;\r\n\t\t\t\tif(yMax > $scope.config.yLimit) {\r\n\t\t\t\t\tyMax = $scope.config.yLimit;\r\n\t\t\t\t\tyMin = yMax - yRange;\r\n\t\t\t\t}\r\n\r\n\t\t\t\tgenerateScales();\r\n\r\n\t\t\t\tredrawAll($scope.config);\r\n\t\t\t}\r\n\r\n\t\t\tfunction initialize() {\r\n\r\n\t\t\t\txMin = 0;\r\n\t\t\t\txMax = $scope.config.xLimit;\r\n\t\t\t\tyMin = 0;\r\n\t\t\t\tyMax = $scope.config.yLimit;\r\n\r\n\t\t\t\tgenerateScales();\r\n\r\n\t\t\t\tutilityGrid = d3.rw.functionGrid($scope.config.utilityFunction, scales.indexToX, scales.indexToY);\r\n\r\n\t\t\t\tvar minUtility = d3.min(utilityGrid, function(col) {\r\n\t\t\t\t\treturn d3.min(col);\r\n\t\t\t\t});\r\n\t\t\t\tvar maxUtility = d3.max(utilityGrid, function(col) {\r\n\t\t\t\t\treturn d3.max(col);\r\n\t\t\t\t});\r\n\r\n\t\t\t\tvar colorRange = [\"#0000ff\", \"#0000ff\", \"#0000ff\", \"#00ffff\", \"#00ff00\", \"#ffff00\", \"#ff0000\"];\r\n\t\t\t\tvar colorDomain = d3.rw.stretch([minUtility, maxUtility], colorRange.length);\r\n\t\t\t\tscales.colorScale = d3.scale.linear().domain(colorDomain).range(colorRange);\r\n\r\n\t\t\t\treferenceValues = [];\r\n\t\t\t\tfor(var i = 0; i < $scope.config.numCurves; i++) {\r\n\t\t\t\t\treferenceValues.push($scope.config.utilityFunction(((i + 1) * (xMax - xMin) / ($scope.config.numCurves + 1)) + xMin, ((i + 1) * (yMax - yMin) / ($scope.config.numCurves + 1)) + yMin));\r\n\t\t\t\t}\r\n\r\n\t\t\t}\r\n\r\n\t\t\tfunction redrawAll(config) {\r\n\t\t\t\tif(!config) {\r\n\t\t\t\t\treturn;\r\n\t\t\t\t}\r\n\r\n\t\t\t\txAxis.scale(scales.xToOffset);\r\n\t\t\t\txAxisContainer.call(xAxis);\r\n\r\n\t\t\t\tyAxis.scale(scales.yToOffset);\r\n\t\t\t\tyAxisContainer.call(yAxis);\r\n\r\n\t\t\t\tutilityGrid = d3.rw.functionGrid(config.utilityFunction, scales.indexToX, scales.indexToY);\r\n\r\n\t\t\t\tvar heatMap = d3.rw.heatMap()\r\n\t\t\t\t\t.grid(utilityGrid)\r\n\t\t\t\t\t.xScale(scales.xIndexToOffset)\r\n\t\t\t\t\t.yScale(scales.yIndexToOffset)\r\n\t\t\t\t\t.colorScale(scales.colorScale);\r\n\t\t\t\theatMapContainer.call(heatMap);\r\n\r\n\t\t\t\tvar referenceCurves = baseLayer.selectAll(\".reference-curve\").data(referenceValues);\r\n\t\t\t\treferenceCurves.enter()\r\n\t\t\t\t\t.append(\"g\")\r\n\t\t\t\t\t.attr(\"class\", \"reference-curve\");\r\n\t\t\t\treferenceCurves.each(function(value) {\r\n\t\t\t\t\td3.select(this).call(d3.rw.indifferenceCurve()\r\n\t\t\t\t\t\t\t.grid(utilityGrid)\r\n\t\t\t\t\t\t\t.xScale(scales.xIndexToOffset)\r\n\t\t\t\t\t\t\t.yScale(scales.yIndexToOffset)\r\n\t\t\t\t\t\t\t.value(value)\r\n\t\t\t\t\t);\r\n\t\t\t\t});\r\n\r\n\t\t\t\tredrawProjections($scope.bidProjections, \"bid\");\r\n\t\t\t\tredrawProjections($scope.askProjections, \"ask\");\r\n\r\n\t\t\t\tallocationCurve.grid(utilityGrid)\r\n\t\t\t\t\t.xScale(scales.xIndexToOffset)\r\n\t\t\t\t\t.yScale(scales.yIndexToOffset);\r\n\t\t\t\tredrawAllocation($scope.allocation);\r\n\r\n\t\t\t\thoverCurve.grid(utilityGrid)\r\n\t\t\t\t\t.xScale(scales.xIndexToOffset)\r\n\t\t\t\t\t.yScale(scales.yIndexToOffset);\r\n\t\t\t\tredrawHoverCurve($scope.hover);\r\n\t\t\t}\r\n\r\n\t\t\tfunction redrawAllocation(allocation) {\r\n\t\t\t\tif(!$scope.config) {\r\n\t\t\t\t\treturn;\r\n\t\t\t\t}\r\n\r\n\t\t\t\tif(!allocation) {\r\n\t\t\t\t\tallocationContainer.attr(\"visibility\", \"hidden\");\r\n\t\t\t\t}\r\n\r\n\t\t\t\tvar utility = $scope.config.utilityFunction(allocation.x, allocation.y);\r\n\r\n\t\t\t\tallocationText\r\n\t\t\t\t\t.attr(\"x\", scales.xToOffset(allocation.x) + 10)\r\n\t\t\t\t\t.attr(\"y\", scales.yToOffset(allocation.y) - 10)\r\n\t\t\t\t\t.text(\"[\" + utility.toFixed(2) + \"]\");\r\n\r\n\t\t\t\tallocationPoint.attr(\"cx\", scales.xToOffset(allocation.x)).attr(\"cy\", scales.yToOffset(allocation.y));\r\n\r\n\t\t\t\tallocationContainer.call(allocationCurve.value(utility));\r\n\r\n\t\t\t\tallocationContainer.attr(\"visibility\", \"visible\");\r\n\t\t\t}\r\n\r\n\t\t\tfunction redrawProjections(projections, type) {\r\n\r\n\t\t\t\tvar container = type === \"bid\" ? bidProjectionContainer : askProjectionContainer;\r\n\t\t\t\tvar color = type === \"bid\" ? \"red\" : \"blue\";\r\n\t\t\t\tvar points = container.selectAll('.projection-point').data(projections || []);\r\n\r\n\t\t\t\tpoints.enter()\r\n\t\t\t\t\t.append(\"circle\")\r\n\t\t\t\t\t.attr(\"class\", \"projection-point\")\r\n\t\t\t\t\t.attr(\"r\", 5)\r\n\t\t\t\t\t.attr(\"fill\", color);\r\n\r\n\t\t\t\tpoints\r\n\t\t\t\t\t.attr(\"cx\", function(projection) {\r\n\t\t\t\t\t\treturn scales.xToOffset(projection.x);\r\n\t\t\t\t\t})\r\n\t\t\t\t\t.attr(\"cy\", function(projection) {\r\n\t\t\t\t\t\treturn scales.yToOffset(projection.y);\r\n\t\t\t\t\t});\r\n\r\n\t\t\t\tpoints.exit().remove();\r\n\r\n\t\t\t\tvar connectors = container.selectAll('.projection-connector').data(projections || []);\r\n\r\n\t\t\t\tvar previous = [scales.xToOffset($scope.allocation.x), scales.yToOffset($scope.allocation.y)];\r\n\t\t\t\tconnectors.enter()\r\n\t\t\t\t\t.append(\"g\")\r\n\t\t\t\t\t.attr(\"class\", \"projection-connector\");\r\n\t\t\t\tconnectors\r\n\t\t\t\t\t.each(function(projection) {\r\n\t\t\t\t\t\td3.select(this).selectAll('*').remove();\r\n\t\t\t\t\t\tvar current = [scales.xToOffset(projection.x), scales.yToOffset(projection.y)];\r\n\t\t\t\t\t\td3.select(this).append(\"path\").data([[angular.copy(previous), current]])\r\n\t\t\t\t\t\t\t.style(\"fill\", \"none\")\r\n\t\t\t\t\t\t\t.style(\"stroke\", color)\r\n\t\t\t\t\t\t\t.style(\"stroke-width\", \"2\")\r\n\t\t\t\t\t\t\t.attr(\"d\", d3.svg.line());\r\n\t\t\t\t\t\tprevious = current;\r\n\t\t\t\t\t});\r\n\r\n\t\t\t\tconnectors.exit().remove();\r\n\t\t\t}\r\n\r\n\t\t\tfunction redrawHoverCurve(hover) {\r\n\t\t\t\tif(!$scope.config) {\r\n\t\t\t\t\treturn;\r\n\t\t\t\t}\r\n\r\n\t\t\t\tif(!hover) {\r\n\t\t\t\t\thoverContainer.attr(\"visibility\", \"hidden\");\r\n\t\t\t\t} else {\r\n\r\n\t\t\t\t\tvar xOffset = scales.xToOffset(hover.x);\r\n\t\t\t\t\tvar yOffset = scales.yToOffset(hover.y);\r\n\r\n\t\t\t\t\tvar utility = $scope.config.utilityFunction(hover.x, hover.y);\r\n\r\n\t\t\t\t\thoverText\r\n\t\t\t\t\t\t.attr(\"x\", xOffset + 10)\r\n\t\t\t\t\t\t.attr(\"y\", yOffset - 10)\r\n\t\t\t\t\t\t.text(\"[\" + utility.toFixed(2) + \"]\");\r\n\r\n\t\t\t\t\thoverPoint.attr(\"cx\", xOffset).attr(\"cy\", yOffset);\r\n\r\n\t\t\t\t\thoverContainer.call(hoverCurve.value(utility));\r\n\r\n\t\t\t\t\thoverContainer.attr(\"visibility\", \"visible\");\r\n\r\n\t\t\t\t}\r\n\r\n\t\t\t}\r\n\r\n\t\t}\r\n\t};\r\n}]);\r\n\r\nRedwood\r\n\t.filter(\"offerType\", function() {\r\n\t\treturn function(offer) {\r\n\t\t\tif(angular.isUndefined(offer) || offer === null) {\r\n\t\t\t\treturn \"\";\r\n\t\t\t}\r\n\t\t\treturn (offer.qty > 0 ? \"Bid\" : \"Ask\");\r\n\t\t};\r\n\t});"}}, {"pk": 70, "model": "expecon.page", "fields": {"experiment": 21, "html": "{% load verbatim %}\r\n<!DOCTYPE HTML>\r\n{% load verbatim %}\r\n<!DOCTYPE HTML>\r\n<html ng-app=\"Redwood\">\r\n<head>\r\n  <title>Finish</title>\r\n  <script type=\"text/javascript\" src=\"{{ STATIC_URL }}framework/js/lib/jquery/jquery.min.js\"></script>\r\n  <script type=\"text/javascript\" src=\"{{ STATIC_URL }}framework/js/lib/bootstrap/bootstrap-3.1.1.min.js\"></script>\r\n  <script type=\"text/javascript\" src=\"{{ STATIC_URL }}framework/js/lib/angular/angular-1.2.16.js\"></script>\r\n  <script type=\"text/javascript\" src=\"{{ STATIC_URL }}framework/js/redwoodCore.js\"></script>\r\n  <script type=\"text/javascript\" src=\"{{ STATIC_URL }}framework/js/redwoodHelpers.js\"></script>\r\n\t<script type=\"text/javascript\" src=\"{{ STATIC_URL }}framework/js/redwoodSubject.js\"></script>\r\n\t<link type=\"text/css\" rel=\"stylesheet\" href=\"{{ STATIC_URL }}framework/css/bootstrap-3.1.1.min.css\"></link>\r\n  <script type=\"text/javascript\">\r\n\t\t{{ js }}\r\n\t</script>\r\n\t<style type=\"text/css\">\r\n\t\t{{ css }}\r\n\t</style>\r\n</head>\r\n{% verbatim %}\r\n<body ng-controller=\"SubjectCtrl\">\r\n\t\r\n\t<div class=\"navbar navbar-fixed-top container\">\r\n  <div class=\"navbar navbar-default\" style=\"margin-bottom: 0;\">\r\n  \t<div class=\"navbar-brand\" href=\"#\">Economics Experiment</div>\r\n\t\t<ul class=\"nav navbar-nav\">\r\n\t\t\t<li class=\"active\">\r\n\t\t\t\t<a>User ID: <span>{{$root.user_id}}</span></a>\r\n\t\t\t</li>\r\n\t\t</ul>\r\n\t</div>\r\n</div>\r\n\t\r\n\t<div class=\"container\">\r\n\t\t<table class=\"table table-bordered table-condensed\">\r\n\t\t\t<thead>\r\n  \t\t\t<tr><th>Period</th><th>X</th><th>Y</th><th>Earnings</th></tr>\r\n\t\t\t</thead>\r\n\t\t\t<tbody id=\"results\">\r\n\t\t\t\r\n\t\t\t</tbody>\r\n\t\t</table>\r\n\t</div>\r\n</body>\r\n{% endverbatim %}\r\n</html>\r\n", "name": "Finish", "css": "body {\r\n  padding-top: 60px;\r\n}", "js": "Redwood.controller(\"SubjectCtrl\", [\"$rootScope\", \"$scope\", \"RedwoodSubject\", function($rootScope, $scope, rs) {\r\n\r\n  var state = {};\r\n\r\n  rs.on_load(function() {\r\n\t\t\r\n\t\tvar results = rs.subject[rs.user_id].data[\"results\"];\r\n  \t\r\n\t\tfor (var i = 0; i < results.length; i++) {\r\n\t\t\t\tvar row = '<tr><td>' + (i + 1) + '</td><td>' + results[i].x.toFixed(2) + '</td><td>' + results[i].y.toFixed(2) + '</td><td>$' + results[i].utility.toFixed(2) + '</td></tr>';\r\n\t\t\t\t$(\"#results\").append(row);\r\n\t\t}\r\n\t\t\r\n\t\tvar row = '<tr class=\"success\" style=\"font-weight:bold;\"><td>Total</td><td></td><td></td><td>$' + rs.accumulated_points.toFixed(2) + '</td></tr>';\r\n\t\t$(\"#results\").append(row);\r\n\t});\r\n\t\r\n}]);"}}]