[{"pk": 14, "model": "expecon.experiment", "fields": {"name": "RevealedPreferences", "admin_css": ".badge {\r\n  font-size: 13px;\r\n  line-height: 18px;\r\n  padding: 4px 10px 4px;\r\n  vertical-align: middle;\r\n}\r\n", "comments": "", "experimenter": 1, "admin_html": "<!DOCTYPE HTML>\r\n<html>\r\n<head>\r\n  <title>Economics Experiment</title>\r\n\t<script type=\"text/javascript\" src=\"{{ STATIC_URL }}js/jquery.min.js\"></script>\r\n\t<script type=\"text/javascript\" src=\"{{ STATIC_URL }}js/jquery.cookie.js\"></script>\r\n\t<script type=\"text/javascript\" src=\"{{ STATIC_URL }}js/redwood2.js\"></script>\r\n\t<script type=\"text/javascript\" src=\"{{ STATIC_URL }}js/redwood2_helpers.js\"></script>\r\n\t<script type=\"text/javascript\" src=\"{{ STATIC_URL }}js/redwood2_admin.js\"></script>\r\n\t<link type=\"text/css\" rel=\"stylesheet\" href=\"{{ STATIC_URL }}css/bootstrap.min.css\"></link>\r\n\t<script type=\"text/javascript\">\r\n\t\t{{ js }}\r\n\t</script>\r\n\t<style type=\"text/css\">\r\n\t\t{{ css }}\r\n\t</style>\r\n</head>\r\n<body style=\"padding-top:60px;\">\r\n\t\r\n\t<div class=\"navbar navbar-fixed-top container\">\r\n\t\t<div class=\"navbar-inner\">\r\n\t\t\t<div class=\"container-fluid\">\r\n\t\t\t\t<div class=\"brand\" href=\"#\">Economics Experiment</div>\r\n\t\t\t\t<div class=\"nav-collapse collapse\">\r\n\t\t\t\t\t<p class=\"navbar-text pull-right\">Administrator</p>\r\n\t\t\t\t</div>\r\n\t\t\t</div>\r\n\t\t</div>\r\n\t</div>\r\n\t\r\n\t<div class=\"container\">\r\n\t\t<div class=\"row\">\r\n\t\t\t<div class=\"span3\">\r\n\t\t\t\t<div class=\"row\">\r\n\t\t\t\t\t<div class=\"span3\">\r\n\t\t\t\t\t\t<div class=\"well sidebar-nav\">\r\n\t\t\t\t\t\t\t<ul class=\"nav nav-list\">\r\n\t\t\t\t\t\t\t\t<li><span id=\"router-status\" class=\"badge badge-important\"></span></li>\r\n\t\t\t\t\t\t\t</ul>\r\n\t\t\t\t\t\t</div>\r\n\t\t\t\t\t</div>\r\n\t\t\t\t</div>\r\n\t\t\t\t<div class=\"row\">\r\n\t\t\t\t\t<div class=\"span3\">\r\n\t\t\t\t\t\t<div class=\"well sidebar-nav\">\r\n\t\t\t\t\t\t\t<ul class=\"nav nav-list\">\r\n\t\t\t\t\t\t\t\t<li><a href=\"admin/payouts\" target=\"_blank\">View Payouts</a></li>\r\n\t\t\t\t\t\t\t\t<li><a id=\"archive\" href=\"#\">Archive Session</a></li>\r\n\t\t\t\t\t\t\t\t<li><a id=\"download\" href=\"admin/download\">Download Data</a></li>\r\n\t\t\t\t\t\t\t</ul>\r\n\t\t\t\t\t\t</div>\r\n\t\t\t\t\t</div>\r\n\t\t\t\t</div>\r\n\t\t\t</div>\r\n\t\t\t<div class=\"span9\">\r\n\t\t\t\t<p>Subjects:</p>\r\n\t\t\t\t<table class=\"table table-bordered table-condensed table-striped\">\r\n\t\t\t\t\t<thead>\r\n\t\t\t\t\t\t<tr><th>ID</th><th>Group</th><th>Period</th></tr>\r\n\t\t\t\t\t</thead>\r\n\t\t\t\t\t<tbody id=\"subject-list\">\r\n\t\t\t\t\t</tbody>\r\n\t\t\t\t</table>\r\n\t\t\t\t<button id=\"start-session\" class=\"btn btn-primary\">Start Session</button>\r\n\t\t\t\t<button id=\"reset-session\" class=\"btn btn-danger\">Reset Session</button>\r\n\t\t\t</div>\r\n\t\t</div>\r\n\t\t<div class=\"row\">\r\n\t\t\t<div class=\"span12\">\r\n\t\t\t\t<hr/>\r\n\t\t\t\t<p>Configuration:</p>\r\n\t\t\t\t<input type=\"file\" data-load-config />\r\n\t\t\t\t<table class=\"config table table-bordered table-striped table-condensed\"></table>\r\n\t\t\t</div>\r\n\t\t</div>\r\n\t</div>\r\n\r\n</body>\r\n</html>\r\n", "admin_js": "function resetGroups() {\r\n  var config = ra.get_config(1, 0);\r\n\tfor (var i = 0; i < ra.subjects.length; i++) { //set all subjects to group 1 (this is so that matching can be changed per period)\r\n\t\tif($.isArray(config.groups)) {\r\n\t\t\tfor(var groupId = 0; groupId < config.groups.length; groupId++) {\r\n\t\t\t\tif($.isArray(config.groups[groupId])) {\r\n\t\t\t\t\tif(config.groups[groupId].contains(ra.subjects[i])) { //Nested group array\r\n\t\t\t\t\t\tra.set_group(groupId + 1, ra.subjects[i]);\r\n\t\t\t\t\t}\r\n\t\t\t\t} else {\r\n\t\t\t\t\tra.set_group(1, ra.subjects[i]);\r\n\t\t\t\t}\r\n\t\t\t}\r\n\t\t} else {\r\n\t\t\tra.set_group(1, ra.subjects[i]);\r\n\t\t}\r\n\t}\r\n}\r\n\r\nvar ra = RedwoodAdmin; //create an alias for RedwoodSubject\r\n\r\nra.create = function() {\r\n\r\n\t$(\"#start-session\").click(function () {\r\n\t\tra.trigger(\"start_session\");\r\n\t});\r\n\t\r\n\tra.on(\"start_session\", function() {\r\n\t\t$(\"#start-session\").attr(\"disabled\", \"disabled\");\r\n\t\tfor(var i = 0; i < ra.subjects.length; i++) {\r\n\t\t\tra.set_period(1, ra.subjects[i]); //set all subjects to period 1\r\n\t\t}\r\n\t});\r\n\t\r\n\t$(\"#reset-session\").click(function () {\r\n\t\tra.trigger(\"__reset__\");\r\n\t});\r\n\r\n\t$(\"#archive\").click(function () {\r\n\t\tvar r = confirm(\"Are you sure you want to archive this session?\");\r\n\t\tif(r == true) {\r\n\t\t\t$.post(\"admin/archive\");\r\n\t\t\tra.trigger(\"__delete__\");\r\n\t\t}\r\n\t});\r\n\r\n\t\r\n\tra.on_router_connected(function(connected) { //Display router connection status\r\n\t\tvar status = $(\"#router-status\");\r\n\t\tif (connected) {\r\n\t\t\tstatus.text(\"Router Connected\");\r\n\t\t\tstatus.removeClass(\"badge-important\");\r\n\t\t\tstatus.addClass(\"badge-success\");\r\n\t\t} else {\r\n\t\t\tstatus.text(\"Router Disconnected\");\r\n\t\t\tstatus.removeClass(\"badge-success\");\r\n\t\t\tstatus.addClass(\"badge-important\");\r\n\t\t}\r\n\t});\r\n\t\r\n\tra.on_set_period(function(user, period) {\r\n\t\t$(\"tr.subject-\" + user + \" :nth-child(3)\").text(period); //Display current period for each user\r\n\t});\r\n\t\r\n\tra.on_load(function () {\r\n\t\tresetGroups(); //Assign groups to users\r\n\t});\r\n\t\r\n\tra.on_set_group(function(user, group) {\r\n\t\t$(\"tr.subject-\" + user + \" :nth-child(2)\").text(group); //Display group for each user\r\n\t});\r\n\r\n\tra.on_register(function(user) { //Add a row to the table to each user\r\n\t\t$(\"#subject-list\").empty();\r\n\t\tvar html = \"\";\r\n\t\tfor(var i = 0, l = ra.subjects.length; i < l; i++) {\r\n\t\t\t$(\"#subject-list\").append($(\"<tr>\").addClass(\"subject-\" + ra.subjects[i]).append(\r\n\t\t\t$(\"<td>\").text(ra.subjects[i]).after(\r\n\t\t\t$(\"<td>\").text(0).after(\r\n\t\t\t$(\"<td>\").text(0)))));\r\n\t\t}\r\n\t\tresetGroups();\r\n\t});\r\n\r\n\tra.on_set_config(function(config) { //Display the config file\r\n\t\t$(\"table.config\").empty();\r\n\t\tvar a = $.csv.toArrays(config);\r\n\t\tfor (var i = 0; i < a.length; i++) {\r\n\t\t\tvar row = a[i];\r\n\t\t\tvar tr = $(\"<tr>\");\r\n\t\t\tfor (var j = 0; j < row.length; j++) {\r\n\t\t\t\tvar cell = row[j];\r\n\t\t\t\tvar td = $((i == 0 ? \"<th>\" : \"<td>\")).text(cell);\r\n\t\t\t\ttr.append(td);\r\n\t\t\t}\r\n\t\t\t$(\"table.config\").append(tr);\r\n\t\t}\r\n\t});\r\n};", "rt_js": ""}}, {"pk": 38, "model": "expecon.page", "fields": {"experiment": 14, "html": "<!DOCTYPE HTML>\r\n<html>\r\n<head>\r\n  <title>Wait</title>\r\n\t<script type=\"text/javascript\" src=\"{{ STATIC_URL }}js/jquery.min.js\"></script>\r\n\t<script type=\"text/javascript\" src=\"{{ STATIC_URL }}flot/jquery.flot.js\"></script>\r\n\t<script type=\"text/javascript\" src=\"{{ STATIC_URL }}flot/jquery.flot.dashes.js\"></script>\r\n\t<script type=\"text/javascript\" src=\"{{ STATIC_URL }}js/jquery-ui-1.10.3.custom.js\"></script>\r\n\t<script type=\"text/javascript\" src=\"{{ STATIC_URL }}js/redwood2.js\"></script>\r\n\t<script type=\"text/javascript\" src=\"{{ STATIC_URL }}js/redwood2_helpers.js\"></script>\r\n\t<script type=\"text/javascript\" src=\"{{ STATIC_URL }}js/redwood2_subject.js\"></script>\r\n\t<link type=\"text/css\" rel=\"stylesheet\" href=\"{{ STATIC_URL }}css/bootstrap.min.css\"></link>\r\n\t<link type=\"text/css\" rel=\"stylesheet\" href=\"{{ STATIC_URL }}css/ui-lightness/jquery-ui-1.10.3.custom.css\"></link>\r\n\t<script type=\"text/javascript\">\r\n\t\tvar IMAGE_URL = \"{{ STATIC_URL }}/img/Ultimatum\";\r\n\t\t{{ js }}\r\n\t</script>\r\n\t<style type=\"text/css\">\r\n\t\t{{ css }}\r\n\t</style>\r\n</head>\r\n<body style=\"padding-top:60px;\">\r\n\t\r\n\t<div class=\"navbar navbar-fixed-top container\">\r\n\t\t<div class=\"navbar-inner\">\r\n\t\t\t<div class=\"container-fluid\">\r\n\t\t\t\t<div class=\"brand\" href=\"#\">Economics Experiment</div>\r\n\t\t\t\t<div class=\"nav-collapse collapse\">\r\n\t\t\t\t\t<p class=\"navbar-text pull-right\">\r\n\t\t\t\t\t\tUser ID: <span name=\"data-user-id\" class=\"navbar-link\"></span>\r\n\t\t\t\t\t</p>\r\n\t\t\t\t</div>\r\n\t\t\t</div>\r\n\t\t</div>\r\n\t</div>\r\n\t\r\n\t<div class=\"container\">\r\n\t\t<div class=\"row\">\r\n\t\t\t<div class=\"span12\">\r\n\t\t\t\tPlease wait for experiment to start...\r\n\t\t\t</div>\r\n\t\t</div>\r\n\t</div>\r\n</body>\r\n</html>\r\n", "name": "Wait", "css": "", "js": "\r\nvar rs = RedwoodSubject; //create an alias for RedwoodSubject\r\n\r\nvar state = {}; //State object\r\n\r\nvar Display = { //Display controller\r\n\r\n  \r\n};\r\n\r\n\r\nrs.create = function() {\r\n\r\n};"}}, {"pk": 39, "model": "expecon.page", "fields": {"experiment": 14, "html": "<!DOCTYPE HTML>\r\n<html>\r\n<head>\r\n  <title>Start</title>\r\n\t<script type=\"text/javascript\" src=\"{{ STATIC_URL }}js/jquery.min.js\"></script>\r\n\t<script type=\"text/javascript\" src=\"{{ STATIC_URL }}flot/jquery.flot.js\"></script>\r\n\t<script type=\"text/javascript\" src=\"{{ STATIC_URL }}flot/jquery.flot.dashes.js\"></script>\r\n\t<script type=\"text/javascript\" src=\"{{ STATIC_URL }}js/jquery-ui-1.10.3.custom.js\"></script>\r\n\t<script type=\"text/javascript\" src=\"{{ STATIC_URL }}js/redwood2.js\"></script>\r\n\t<script type=\"text/javascript\" src=\"{{ STATIC_URL }}js/redwood2_helpers.js\"></script>\r\n\t<script type=\"text/javascript\" src=\"{{ STATIC_URL }}js/redwood2_subject.js\"></script>\r\n\t<link type=\"text/css\" rel=\"stylesheet\" href=\"{{ STATIC_URL }}css/bootstrap.min.css\"></link>\r\n\t<link type=\"text/css\" rel=\"stylesheet\" href=\"{{ STATIC_URL }}css/ui-lightness/jquery-ui-1.10.3.custom.css\"></link>\r\n\t<script type=\"text/javascript\">\r\n\t\tvar IMAGE_URL = \"{{ STATIC_URL }}/img/Ultimatum\";\r\n\t\t{{ js }}\r\n\t</script>\r\n\t<style type=\"text/css\">\r\n\t\t{{ css }}\r\n\t</style>\r\n</head>\r\n<body style=\"padding-top:60px;\">\r\n\t\r\n\t<div class=\"navbar navbar-fixed-top container\">\r\n\t\t<div class=\"navbar-inner\">\r\n\t\t\t<div class=\"container-fluid\">\r\n\t\t\t\t<div class=\"brand\" href=\"#\">Economics Experiment</div>\r\n\t\t\t\t<div class=\"nav-collapse collapse\">\r\n\t\t\t\t\t<p class=\"navbar-text pull-right\">\r\n\t\t\t\t\t\tUser ID: <span name=\"data-user-id\" class=\"navbar-link\"></span>\r\n\t\t\t\t\t</p>\r\n\t\t\t\t</div>\r\n\t\t\t</div>\r\n\t\t</div>\r\n\t</div>\r\n\t\r\n\t<div class=\"container\">\r\n\t\t<div class=\"row\">\r\n\t\t\t<div class=\"span3\">\r\n\t\t\t\t<div class=\"well sidebar-nav\">\r\n\t\t\t\t\t<ul class=\"nav nav-list\">\r\n\t\t\t\t\t\t<li>Period:<span name=\"data-period\" class=\"pull-right\"></span></li>\r\n\t\t\t\t\t</ul>\r\n\t\t\t\t</div>\r\n\t\t\t</div>\r\n\t\t\t<div class=\"span9\">\r\n\t\t\t\t<div class=\"row\">\r\n\t\t\t\t\t<div class=\"span9\">\r\n\t\t\t\t\t\t<div id=\"plot\" style=\"height:500px;\"></div>\r\n\t\t\t\t\t</div>\r\n\t\t\t\t</div>\r\n\t\t\t\t<div class=\"row\">\r\n\t\t\t\t\t<div class=\"span9\">\r\n\t\t\t\t\t\t<button id=\"confirm-button\" class=\"btn btn-success\" disabled=\"disabled\">Ready</button>\r\n\t\t\t\t\t</div>\r\n\t\t\t\t</div>\r\n\t\t\t</div>\r\n\t\t</div>\r\n\t\t<div class=\"row\">\r\n\t\t\t<hr style=\"margin-top:20px;\"/>\r\n\t\t\t<div class=\"span12\" id=\"footer\">\r\n\t\t\t\t\r\n\t\t\t</div>\r\n\t\t</div>\r\n\t</div>\r\n</body>\r\n</html>\r\n", "name": "Start", "css": "", "js": "\r\n  var rs = RedwoodSubject; //create an alias for RedwoodSubject\r\n\r\n\tvar state = {}; //State object\r\n\r\n\tvar Display = { //Display controller\r\n\r\n\t\tinitialize: function() {\r\n\t\t\t\r\n\t\t\t$(\"#plot\").bind(\"plothover\", function (event, pos, item) { //To drag barrier when mouse button is down\r\n\t\t\t\tvar x = Math.max(0, pos.x);\r\n\t\t\t\tx = Math.min(state.maxX, x);\r\n\t\t\t\tvar y = (state.budget - (x * rs.config.Px)) / rs.config.Py;\r\n\t\t\t\tstate.cursor = [x, y]\r\n\t\t\t\tDisplay.replot();\r\n\t\t\t});\r\n\t\t\t\r\n\t\t\t$(\"#plot\").bind(\"plotclick\", function (event, pos, item) { //To drag barrier when mouse button is down\r\n\t\t\t\tvar x = Math.max(0, pos.x);\r\n\t\t\t\tx = Math.min(state.maxX, x);\r\n\t\t\t\tvar y = (state.budget - (x * rs.config.Px)) / rs.config.Py;\r\n\t\t\t\trs.trigger(\"selection\", [x, y]);\r\n\t\t\t});\r\n\t\t\t\r\n\t\t\t$(\"#confirm-button\").click(function() {\r\n\t\t\t\tif(!state.selection) {\r\n\t\t\t\t\talert(\"Please select a ratio of x and y by clicking on the graph.\");\r\n\t\t\t\t} else {\r\n\t\t\t\t\t$(\"#confirm-button\").attr(\"disabled\", \"disabled\");\r\n\t\t\t\t\trs.trigger(\"confirm\");\r\n\t\t\t\t}\r\n\t\t\t});\r\n\t\t\t\r\n\t\t\trs.on(\"confirm\", function() {\r\n\t\t\t\t$(\"confirm-button\").attr(\"disabled\", \"disabled\");\r\n\t\t\t});\r\n\r\n\t\t\tDisplay.replot();\r\n\t\t},\r\n\t\t\r\n\t\treplot: function() { //Redraw plot area\r\n\t\t\t\r\n\t\t\tvar data = [];\r\n\t\t\t\r\n\t\t\tdata.push([0, state.maxY]);\r\n\t\t\tdata.push([state.maxX, 0]);\r\n\t\t\t\r\n\t\t\tvar dataset = [];\r\n\t\t\tdataset.push({\r\n\t\t\t\tdata: data,\r\n\t\t\t\tlines: { show: true, lineWidth: 1.5 },\r\n\t\t\t\tpoints: { show: false },\r\n\t\t\t\tcolor: \"rgb(0,100,255)\",\r\n\t\t\t});\r\n\t\t\t\r\n\t\t\tif(state.cursor) {\r\n\t\t\t\tdataset.push({ //grey cursor dot\r\n\t\t\t\t\tdata: [state.cursor],\r\n\t\t\t\t\tlines: { show: false },\r\n\t\t\t\t\tpoints: { show: true, fill: true, radius: 4 },\r\n\t\t\t\t\tcolor: \"grey\",\r\n\t\t\t\t\thoverable: false\r\n\t\t\t\t});\r\n\t\t\t}\r\n\t\t\t\r\n\t\t\tif(state.selection) {\r\n\t\t\t\tdataset.push({ //black selection dot\r\n\t\t\t\t\tdata: [state.selection],\r\n\t\t\t\t\tlines: { show: false },\r\n\t\t\t\t\tpoints: { show: true, lineWidth: 4, fill: true, radius: 4 },\r\n\t\t\t\t\tcolor: \"black\",\r\n\t\t\t\t\thoverable: false\r\n\t\t\t\t});\r\n\t\t\t\tdataset.push({ //black selection dot\r\n\t\t\t\t\tdata: [state.selection],\r\n\t\t\t\t\tlines: { show: false },\r\n\t\t\t\t\tpoints: { show: true, fill: true, radius: 1 },\r\n\t\t\t\t\tcolor: \"black\",\r\n\t\t\t\t\thoverable: false\r\n\t\t\t\t});\r\n\t\t\t}\r\n\t\t\t\r\n\t\t\tfunction draw_text(plot, ctx) { //display barrier and bankrupt text\r\n\t\t\t\tif(state.cursor) {\r\n\t\t\t\t\tvar offset = plot.pointOffset({ x: state.cursor[0], y: state.cursor[1] });\r\n\t\t\t\t\tvar text = \"[\" + state.cursor[0].toFixed(2) + \", \" + state.cursor[1].toFixed(2) + \"]\";\r\n\t\t\t\t\tctx.fillText(text, offset.left + 10, offset.top - 10);\r\n\t\t\t\t}\r\n\t\t\t\t\r\n\t\t\t\tif(state.selection) {\r\n\t\t\t\t\tvar offset = plot.pointOffset({ x: state.selection[0], y: state.selection[1] });\r\n\t\t\t\t\tvar text = \"[\" + state.selection[0].toFixed(2) + \", \" + state.selection[1].toFixed(2) + \"]\";\r\n\t\t\t\t\tctx.fillText(text, offset.left + 10, offset.top - 10);\r\n\t\t\t\t}\r\n\t\t\t}\r\n\t\t\t\r\n\t\t\tvar opts = {\r\n\t\t\t\tgrid: { clickable: true, hoverable: true },\r\n\t\t\t\txaxis: { tickLength: 0, min: 0, max: state.maxX + 1 },\r\n\t\t\t\tyaxis: { tickLength: 0, min: 0, max: state.maxY + 1 },\r\n\t\t\t\tseries: { shadowSize: 0 },\r\n\t\t\t\thooks: { draw: [draw_text] }\r\n\t\t\t};\r\n\t\t\t\r\n\t\t\t$.plot(\"#plot\", dataset, opts);\r\n\t\t},\r\n\t};\r\n\r\n\trs.create = function() {\r\n\r\n\t\trs.on_load(function() { //called once the page has loaded for a new sub period\r\n\t\t\t\r\n\t\t\tstate.budget = (rs.config.Ex * rs.config.Px) + (rs.config.Ey * rs.config.Py);\r\n\t\t\tstate.maxX = state.budget / rs.config.Px;\r\n\t\t\tstate.maxY = state.budget / rs.config.Py;\r\n\t\t\t\r\n\t\t\tDisplay.initialize();\r\n\t\t\t\r\n\t\t\t$(\"#confirm-button\").removeAttr(\"disabled\");\r\n\t\t});\r\n\t\t\r\n\t\trs.on(\"selection\", function(selection) {\r\n\t\t\tstate.selection = selection;\r\n\t\t\tDisplay.replot();\r\n\t\t});\r\n\t\t\r\n\t\trs.on(\"confirm\", function() {\r\n\t\t\trs.set(\"selection\", {x:state.selection[0], y: state.selection[1]});\r\n\t\t\trs.next_period();\r\n\t\t});\r\n\t};"}}, {"pk": 40, "model": "expecon.page", "fields": {"experiment": 14, "html": "<!DOCTYPE HTML>\r\n<html>\r\n<head>\r\n  <title>Finish</title>\r\n\t<script type=\"text/javascript\" src=\"{{ STATIC_URL }}js/jquery.min.js\"></script>\r\n\t<script type=\"text/javascript\" src=\"{{ STATIC_URL }}js/redwood2_helpers.js\"></script>\r\n\t<script type=\"text/javascript\" src=\"{{ STATIC_URL }}js/redwood2.js\"></script>\r\n\t<script type=\"text/javascript\" src=\"{{ STATIC_URL }}js/redwood2_subject.js\"></script>\r\n\t<link type=\"text/css\" rel=\"stylesheet\" href=\"{{ STATIC_URL }}css/bootstrap.min.css\"></link>\r\n\t<script type=\"text/javascript\">\r\n\t\t{{ js }}\r\n\t</script>\r\n\t<style type=\"text/css\">\r\n\t\t{{ css }}\r\n\t</style>\r\n</head>\r\n<body style=\"padding-top:60px;\">\r\n\t\r\n\t<div class=\"navbar navbar-fixed-top container\">\r\n\t\t<div class=\"navbar-inner\">\r\n\t\t\t<div class=\"container-fluid\">\r\n\t\t\t\t<div class=\"brand\" href=\"#\">Economics Experiment</div>\r\n\t\t\t\t<div class=\"nav-collapse collapse\">\r\n\t\t\t\t\t<p class=\"navbar-text pull-right\">\r\n\t\t\t\t\t\tUser ID: <span name=\"data-user-id\" class=\"navbar-link\"></span>\r\n\t\t\t\t\t</p>\r\n\t\t\t\t</div>\r\n\t\t\t</div>\r\n\t\t</div>\r\n\t</div>\r\n\t\r\n\t<div class=\"container\">\r\n\t\t<table class=\"table table-bordered table-condensed\">\r\n\t\t\t<thead>\r\n\t\t\t\t<tr><th>X</th><th>Y</th><th>Earnings</th></tr>\r\n\t\t\t</thead>\r\n\t\t\t<tbody id=\"results\">\r\n\t\t\t\r\n\t\t\t</tbody>\r\n\t\t</table>\r\n\t</div>\r\n</body>\r\n</html>\r\n", "name": "Finish", "css": "", "js": "\r\nvar rs = RedwoodSubject; //create an alias for RedwoodSubject\r\n\r\nvar state = {};\r\n\r\nrs.create = function() {\r\n  rs.on_load(function() {\r\n\t\t\r\n\t\tvar selections = rs.subject[rs.user_id].data[\"selection\"];\r\n\t\t\r\n\t\tfor (var i = 0; i < selections.length; i++) {\r\n\t\t\tvar row = '<tr><td>' + selections[i].x.toFixed(2) + '</td><td>' + selections[i].y.toFixed(2) + '</td><td>$' + \"0\" + '</td></tr>';\r\n\t\t\t$(\"#results\").append(row);\r\n\t\t}\r\n\t\t\r\n\t\t/*var row = '<tr class= \"warning\"><td>Average:</td><td>' + (rs.accumulated_points / (rs.period - 1)).toFixed(2) + '</td><td>$' + (state.totalEarnings / (rs.period - 1)).toFixed(2) + '</td></tr>';\r\n\t\t$(\"#results\").append(row);\r\n\t\tvar row = '<tr class= \"success\"><td>Total:</td><td>' + rs.accumulated_points.toFixed(2) + '</td><td>$' + state.totalEarnings.toFixed(2) + '</td></tr>';\r\n\t\t$(\"#results\").append(row);*/\r\n\t});\r\n};\r\n"}}]