[{"pk": 3, "model": "expecon.experiment", "fields": {"name": "Continuous Matrix", "admin_css": ".badge {\r\n  font-size: 13px;\r\n  line-height: 18px;\r\n  padding: 4px 10px 4px;\r\n  vertical-align: middle;\r\n}\r\n\r\n.warning {\r\n  background-color: #fcf8e3 !important;\r\n}", "comments": "", "experimenter": 1, "admin_html": "<!DOCTYPE HTML>\r\n<html ng-app=\"Redwood\">\r\n<head>\r\n  <title>Economics Experiment</title>\r\n  <script type=\"text/javascript\" src=\"{{ STATIC_URL }}js/jquery.min.js\"></script>\r\n\t<script type=\"text/javascript\" src=\"{{ STATIC_URL }}js/jquery.cookie.js\"></script>\r\n  <script type=\"text/javascript\" src=\"{{ STATIC_URL }}angular/angular-1.3.0-beta.6.js\"></script>\r\n\t<script type=\"text/javascript\" src=\"{{ STATIC_URL }}js/redwood2.js\"></script>\r\n\t<script type=\"text/javascript\" src=\"{{ STATIC_URL }}js/redwood2_helpers.js\"></script>\r\n\t<script type=\"text/javascript\" src=\"{{ STATIC_URL }}js/redwood2_admin.js\"></script>\r\n\t<link type=\"text/css\" rel=\"stylesheet\" href=\"{{ STATIC_URL }}css/bootstrap.min.css\"></link>\r\n\t<script type=\"text/javascript\">\r\n\t\t{{ js }}\r\n\t</script>\r\n\t<style type=\"text/css\">\r\n\t\t{{ css }}\r\n\t</style>\r\n</head>\r\n<body ng-controller=\"AdminCtrl\" style=\"padding-top:60px;\">\r\n\r\n<div class=\"navbar navbar-fixed-top container\">\r\n\t<div class=\"navbar-inner\">\r\n\t\t<div class=\"container-fluid\">\r\n\t\t\t<div class=\"brand\" href=\"#\">Economics Experiment</div>\r\n\t\t\t<div class=\"nav-collapse collapse\">\r\n\t\t\t\t<p class=\"navbar-text pull-right\">Administrator</p>\r\n\t\t\t</div>\r\n\t\t</div>\r\n\t</div>\r\n</div>\r\n\r\n<div class=\"container\">\r\n\t<div class=\"row\">\r\n\t\t<div class=\"span3\">\r\n\t\t\t<div class=\"row\">\r\n\t\t\t\t<div class=\"span3\">\r\n\t\t\t\t\t<div class=\"well sidebar-nav\">\r\n\t\t\t\t\t\t<ul class=\"nav nav-list\">\r\n\t\t\t\t\t\t\t<li><span id=\"router-status\" class=\"badge badge-important\"></span></li>\r\n\t\t\t\t\t\t</ul>\r\n\t\t\t\t\t</div>\r\n\t\t\t\t</div>\r\n\t\t\t</div>\r\n\t\t\t<div class=\"row\">\r\n\t\t\t\t<div class=\"span3\">\r\n\t\t\t\t\t<div class=\"well sidebar-nav\">\r\n\t\t\t\t\t\t<ul class=\"nav nav-list\">\r\n\t\t\t\t\t\t\t<li><a href=\"admin/payouts\" target=\"_blank\">View Payouts</a></li>\r\n\t\t\t\t\t\t\t<li><a id=\"archive\" href=\"#\">Archive Session</a></li>\r\n\t\t\t\t\t\t\t<li><a id=\"download\" href=\"admin/download\">Download Data</a></li>\r\n\t\t\t\t\t\t</ul>\r\n\t\t\t\t\t</div>\r\n\t\t\t\t</div>\r\n\t\t\t</div>\r\n\t\t</div>\r\n\t\t<div class=\"span9\">\r\n\t\t\t<div class=\"row\">\r\n\t\t\t\t<div class=\"span9\">\r\n\t\t\t\t\t<p>Subjects:</p>\r\n\t\t\t\t\t<table class=\"table table-bordered table-condensed table-striped\">\r\n\t\t\t\t\t\t<thead>\r\n\t\t\t\t\t\t<tr><th>ID</th><th>Group</th><th>Period</th><th style=\"width: 150px;\"></th></tr>\r\n\t\t\t\t\t\t</thead>\r\n\t\t\t\t\t\t<tbody id=\"subject-list\">\r\n\t\t\t\t\t\t</tbody>\r\n\t\t\t\t\t</table>\r\n\t\t\t\t</div>\r\n\t\t\t</div>\r\n\t\t\t<div class=\"row\">\r\n\t\t\t\t<div class=\"span6\">\r\n\t\t\t\t\t<button id=\"start-session\" class=\"btn btn-success\">Start Session</button>\r\n\t\t\t\t\t<button id=\"reset-session\" class=\"btn btn-danger\">Reset Session</button>\r\n\t\t\t\t</div>\r\n\t\t\t\t<div class=\"span3\">\r\n\t\t\t\t\t<div class=\"pull-right\">\r\n\t\t\t\t\t\t<button id=\"pause-session\" class=\"btn btn-warning\" disabled=\"disabled\">Pause</button>\r\n\t\t\t\t\t\t<button id=\"resume-session\" class=\"btn btn-primary\" disabled=\"disabled\">Resume</button>\r\n\t\t\t\t\t</div>\r\n\t\t\t\t</div>\r\n\t\t\t</div>\r\n\t\t</div>\r\n\t</div>\r\n\t<div class=\"row\">\r\n\t\t<div class=\"span12\">\r\n\t\t\t<hr/>\r\n\t\t\t<p>Configuration:</p>\r\n\t\t\t<input type=\"file\" data-load-config />\r\n\t\t\t<div style=\"overflow: auto;\">\r\n\t\t\t\t<table class=\"config table table-bordered table-striped table-condensed\"></table>\r\n\t\t\t</div>\r\n\t\t</div>\r\n\t</div>\r\n</div>\r\n\r\n</body>\r\n</html>\r\n", "admin_js": "\r\nRedwood.controller(\"AdminCtrl\", [\"$rootScope\", \"$scope\", \"Admin\", function($rootScope, $scope, ra) {\r\n  var Display = { //Display controller\r\n\r\n  \tinitialize: function() {\r\n\t\t\t$(\"#start-session\").click(function () {\r\n\t\t\t\t$(\"#start-session\").attr(\"disabled\", \"disabled\");\r\n\t\t\t\tra.trigger(\"start_session\");\r\n\t\t\t});\r\n\r\n\t\t\tra.on(\"start_session\", function() {\r\n\t\t\t\t$(\"#start-session\").attr(\"disabled\", \"disabled\");\r\n\t\t\t\t$(\"#pause-session\").removeAttr(\"disabled\");\r\n\t\t\t});\r\n\r\n\t\t\t$(\"#reset-session\").click(function () {\r\n\t\t\t\tra.reset();\r\n\t\t\t});\r\n\r\n\t\t\t$(\"#pause-session\").click(function () {\r\n\t\t\t\t$(\"#pause-session\").attr(\"disabled\", \"disabled\");\r\n\t\t\t\tra.trigger(\"pause\");\r\n\t\t\t});\r\n\t\t\tra.on(\"pause\", function() {\r\n\t\t\t\t$(\"#pause-session\").attr(\"disabled\", \"disabled\");\r\n\t\t\t});\r\n\r\n\t\t\t$(\"#resume-session\").click(function () {\r\n\t\t\t\t$(\"#resume-session\").attr(\"disabled\", \"disabled\");\r\n\t\t\t\tra.trigger(\"resume\");\r\n\t\t\t});\r\n\t\t\tra.on(\"resume\", function() {\r\n\t\t\t\t$(\"#resume-session\").attr(\"disabled\", \"disabled\");\r\n\t\t\t\t$(\"#pause-session\").removeAttr(\"disabled\");\r\n\t\t\t});\r\n\r\n\t\t\tra.on_subject_paused(function(userId) {\r\n\t\t\t\t$(\"#pause-session\").attr(\"disabled\", \"disabled\");\r\n\t\t\t\t$(\"tr.subject-\" + userId).addClass(\"warning\"); //Display current period for each user\r\n\t\t\t\t$(\"tr.subject-\" + userId + \" :nth-child(4)\").text(\"Paused\"); //Display current period for each user\r\n\t\t\t});\r\n\r\n\t\t\tra.on_all_paused(function() {\r\n\t\t\t\t$(\"#resume-session\").removeAttr(\"disabled\");\r\n\t\t\t});\r\n\r\n\t\t\tra.on_subject_resumed(function(user) {\r\n\t\t\t\t$(\"tr.subject-\" + user).removeClass(\"warning\"); //Display current period for each user\r\n\t\t\t\t$(\"tr.subject-\" + user + \" :nth-child(4)\").text(\"\"); //Display current period for each user\r\n\t\t\t});\r\n\r\n\t\t\t$(\"#archive\").click(function () {\r\n\t\t\t\tvar r = confirm(\"Are you sure you want to archive this session?\");\r\n\t\t\t\tif(r == true) {\r\n\t\t\t\t\tra.delete_session();\r\n\t\t\t\t}\r\n\t\t\t});\r\n\r\n\t\t\tra.on_router_connected(function(connected) { //Display router connection status\r\n\t\t\t\tvar status = $(\"#router-status\");\r\n\t\t\t\tif (connected) {\r\n\t\t\t\t\tstatus.text(\"Router Connected\");\r\n\t\t\t\t\tstatus.removeClass(\"badge-important\");\r\n\t\t\t\t\tstatus.addClass(\"badge-success\");\r\n\t\t\t\t} else {\r\n\t\t\t\t\tstatus.text(\"Router Disconnected\");\r\n\t\t\t\t\tstatus.removeClass(\"badge-success\");\r\n\t\t\t\t\tstatus.addClass(\"badge-important\");\r\n\t\t\t\t}\r\n\t\t\t});\r\n\r\n\t\t\tra.on_set_period(function(user, period) {\r\n\t\t\t\t$(\"tr.subject-\" + user + \" :nth-child(3)\").text(period); //Display current period for each user\r\n\t\t\t});\r\n\r\n\t\t\tra.on_set_group(function(user, group) {\r\n\t\t\t\t$(\"tr.subject-\" + user + \" :nth-child(2)\").text(group); //Display group for each user\r\n\t\t\t});\r\n\r\n\t\t\tra.on_register(function(user) { //Add a row to the table to each user\r\n\t\t\t\t$(\"#subject-list\").empty();\r\n\t\t\t\tfor(var i = 0, l = ra.subjects.length; i < l; i++) {\r\n\t\t\t\t\t$(\"#subject-list\").append($(\"<tr>\").addClass(\"subject-\" + ra.subjects[i].user_id).append(\r\n\t\t\t\t\t\t$(\"<td>\").text(ra.subjects[i].user_id).after(\r\n\t\t\t\t\t\t\t$(\"<td>\").text(0).after(\r\n\t\t\t\t\t\t\t\t$(\"<td>\").text(0).after(\r\n\t\t\t\t\t\t\t\t\t$(\"<td>\").text(\"\"))))));\r\n\t\t\t\t}\r\n\t\t\t});\r\n\r\n\t\t\tra.on_set_config(function(config) { //Display the config file\r\n\t\t\t\t$(\"table.config\").empty();\r\n\t\t\t\tvar a = $.csv.toArrays(config);\r\n\t\t\t\tfor (var i = 0; i < a.length; i++) {\r\n\t\t\t\t\tvar row = a[i];\r\n\t\t\t\t\tvar tr = $(\"<tr>\");\r\n\t\t\t\t\tfor (var j = 0; j < row.length; j++) {\r\n\t\t\t\t\t\tvar cell = row[j];\r\n\t\t\t\t\t\tvar td = $((i == 0 ? \"<th>\" : \"<td>\")).text(cell);\r\n\t\t\t\t\t\ttr.append(td);\r\n\t\t\t\t\t}\r\n\t\t\t\t\t$(\"table.config\").append(tr);\r\n\t\t\t\t}\r\n\t\t\t});\r\n\t\t}\r\n\t};\r\n\r\n\r\n\tvar resetGroups = function() {\r\n\t\tvar config = ra.get_config(1, 0);\r\n\t\tfor (var i = 0; i < ra.subjects.length; i++) { //set all subjects to group 1 (this is so that matching can be changed per period)\r\n\t\t\tif($.isArray(config.groups)) {\r\n\t\t\t\tfor(var groupId = 0; groupId < config.groups.length; groupId++) {\r\n\t\t\t\t\tif($.isArray(config.groups[groupId])) {\r\n\t\t\t\t\t\tif(config.groups[groupId].contains(ra.subjects[i].user_id)) { //Nested group array\r\n\t\t\t\t\t\t\tra.set_group(groupId + 1, ra.subjects[i].user_id);\r\n\t\t\t\t\t\t}\r\n\t\t\t\t\t} else {\r\n\t\t\t\t\t\tra.set_group(1, ra.subjects[i].user_id);\r\n\t\t\t\t\t}\r\n\t\t\t\t}\r\n\t\t\t} else {\r\n\t\t\t\tra.set_group(1, ra.subjects[i].user_id);\r\n\t\t\t}\r\n\t\t}\r\n\t}\r\n\r\n\tDisplay.initialize();\r\n\r\n\tra.on_load(function () {\r\n\t\tresetGroups(); //Assign groups to users\r\n\t});\r\n\r\n\tra.on_register(function(user) { //Add a row to the table to each user\r\n\t\tresetGroups();\r\n\t});\r\n\r\n\tra.on(\"start_session\", function() {\r\n\t\tra.start_session();\r\n\t});\r\n\r\n\tra.on(\"pause\", function() {\r\n\t\tra.pause();\r\n\t});\r\n\r\n\tra.on(\"resume\", function() {\r\n\t\tra.resume();\r\n\t});\r\n\r\n}]);\r\n", "rt_js": ""}}, {"pk": 7, "model": "expecon.page", "fields": {"experiment": 3, "html": "{% load verbatim %}\r\n<!DOCTYPE HTML>\r\n<html ng-app=\"Redwood\">\r\n<head>\r\n  <title>Wait</title>\r\n  <script type=\"text/javascript\" src=\"{{ STATIC_URL }}js/jquery.min.js\"></script>\r\n\t<script type=\"text/javascript\" src=\"{{ STATIC_URL }}flot/jquery.flot.js\"></script>\r\n\t<script type=\"text/javascript\" src=\"{{ STATIC_URL }}flot/jquery.flot.dashes.js\"></script>\r\n\t<script type=\"text/javascript\" src=\"{{ STATIC_URL }}js/jquery-ui-1.10.3.custom.js\"></script>\r\n  <script type=\"text/javascript\" src=\"{{ STATIC_URL }}angular/angular-1.3.0-beta.6.js\"></script>\r\n\t<script type=\"text/javascript\" src=\"{{ STATIC_URL }}js/redwood2.js\"></script>\r\n\t<script type=\"text/javascript\" src=\"{{ STATIC_URL }}js/redwood2_helpers.js\"></script>\r\n\t<script type=\"text/javascript\" src=\"{{ STATIC_URL }}js/redwood2_subject.js\"></script>\r\n\t<link type=\"text/css\" rel=\"stylesheet\" href=\"{{ STATIC_URL }}css/bootstrap.min.css\"></link>\r\n\t<link type=\"text/css\" rel=\"stylesheet\" href=\"{{ STATIC_URL }}css/ui-lightness/jquery-ui-1.10.3.custom.css\"></link>\r\n\t<script type=\"text/javascript\">\r\n\t\tvar IMAGE_URL = \"{{ STATIC_URL }}/img/Ultimatum\";\r\n\t\t{{ js }}\r\n\t</script>\r\n\t<style type=\"text/css\">\r\n\t\t{{ css }}\r\n\t</style>\r\n</head>\r\n{% verbatim %}\r\n<body ng-controller=\"SubjectCtrl\" style=\"padding-top:60px;\">\r\n\t\r\n\t<div class=\"navbar navbar-fixed-top container\">\r\n\t\t<div class=\"navbar-inner\">\r\n\t\t\t<div class=\"container-fluid\">\r\n\t\t\t\t<div class=\"brand\" href=\"#\">Economics Experiment</div>\r\n\t\t\t\t<div class=\"nav-collapse collapse\">\r\n\t\t\t\t\t<p class=\"navbar-text pull-right\">\r\n\t\t\t\t\t\tUser ID: <span class=\"navbar-link\">{{$root.user_id}}</span>\r\n\t\t\t\t\t</p>\r\n\t\t\t\t</div>\r\n\t\t\t</div>\r\n\t\t</div>\r\n\t</div>\r\n\t\r\n\t<div class=\"container\">\r\n\t\t<div class=\"row\">\r\n\t\t\t<div class=\"span12\">\r\n\t\t\t\tPlease wait for experiment to start...\r\n\t\t\t</div>\r\n\t\t</div>\r\n\t</div>\r\n</body>\r\n{% endverbatim %}\r\n</html>\r\n", "name": "Wait", "css": "", "js": "Redwood.controller(\"SubjectCtrl\", [\"$rootScope\", \"$scope\", \"Subject\", function($rootScope, $scope, rs) {\r\n  rs.on_load(function() { //called once the page has loaded for a new sub period\r\n  \trs.next_period();\r\n\t});\r\n}]);"}}, {"pk": 8, "model": "expecon.page", "fields": {"experiment": 3, "html": "{% load verbatim %}\r\n<!DOCTYPE HTML>\r\n<html ng-app=\"Redwood\">\r\n<head>\r\n  <title>Start</title>\r\n\t<script type=\"text/javascript\" src=\"{{ STATIC_URL }}js/jquery.min.js\"></script>\r\n\t<script type=\"text/javascript\" src=\"{{ STATIC_URL }}flot/jquery.flot.js\"></script>\r\n\t<script type=\"text/javascript\" src=\"{{ STATIC_URL }}flot/jquery.flot.dashes.js\"></script>\r\n  <script type=\"text/javascript\" src=\"{{ STATIC_URL }}angular/angular-1.3.0-beta.6.js\"></script>\r\n\t<script type=\"text/javascript\" src=\"{{ STATIC_URL }}js/redwood2_helpers.js\"></script>\r\n\t<script type=\"text/javascript\" src=\"{{ STATIC_URL }}js/redwood2.js\"></script>\r\n\t<script type=\"text/javascript\" src=\"{{ STATIC_URL }}js/redwood2_subject.js\"></script>\r\n\t<link type=\"text/css\" rel=\"stylesheet\" href=\"{{ STATIC_URL }}css/bootstrap.min.css\"></link>\r\n\t<script type=\"text/javascript\">\r\n    var STATIC_URL = \"{{ STATIC_URL }}\";\r\n\t\tvar IMAGE_URL = \"{{ STATIC_URL }}/img/Continuous Matrix\";\r\n\t\t{{ js }}\r\n\t</script>\r\n\t<style type=\"text/css\">\r\n\t\t{{ css }}\r\n\t</style>\r\n</head>\r\n{% verbatim %}\r\n<body ng-controller=\"SubjectCtrl\" style=\"padding-top:60px;\">\r\n\t\r\n\t<div class=\"navbar navbar-fixed-top container\">\r\n\t\t<div class=\"navbar-inner\">\r\n\t\t\t<div class=\"container-fluid\">\r\n\t\t\t\t<div class=\"brand\" href=\"#\">Interactive Decision Making Experiment</div>\r\n\t\t\t\t<div class=\"nav-collapse collapse\">\r\n\t\t\t\t\t<p class=\"navbar-text pull-right\">\r\n\t\t\t\t\t\tUser ID: <span class=\"navbar-link\">{{$root.user_id}}</span>\r\n\t\t\t\t\t</p>\r\n\t\t\t\t</div>\r\n\t\t\t</div>\r\n\t\t</div>\r\n\t</div>\r\n\t\r\n\t<div class=\"container\">\r\n\t\t<div class=\"row\">\r\n\t\t\t<div class=\"span3\">\r\n\t\t\t\t<div class=\"well sidebar-nav\">\r\n\t\t\t\t\t<ul class=\"nav nav-list\">\r\n\t\t\t\t\t\t<li>Period:<span class=\"pull-right\">{{$root.period}}</span></li>\r\n\t\t\t\t\t\t<li>Total Points:<span class=\"pull-right\">{{$root.totalPoints | toFixed:2}}</span></li>\r\n\t\t\t\t\t</ul>\r\n\t\t\t\t</div>\r\n\t\t\t</div>\r\n\t\t\t<div class=\"span6\"></div>\r\n\t\t\t<div class=\"span3\">\r\n\t\t\t\t<div id=\"legend\" class=\"pull-right\" style=\"margin-top:40px;\">\r\n\t\t\t\t\t<div>\r\n\t\t\t\t\t\t<img ng-src=\"{{ STATIC_URL }}img/Continuous Matrix/LegendGrey.png\"></img>\r\n\t\t\t\t\t\t<span>You</span>\r\n\t\t\t\t\t</div>\r\n\t\t\t\t\t<div>\r\n\t\t\t\t\t\t<img ng-src=\"{{ STATIC_URL }}img/Continuous Matrix/LegendBlack.png\"></img>\r\n\t\t\t\t\t\t<span>Opponent</span>\r\n\t\t\t\t\t</div>\r\n\t\t\t\t</div>\r\n\t\t\t</div>\r\n\t\t</div>\r\n\t\t<div class=\"row\">\r\n\t\t\t<div class=\"span3\">\r\n\t\t\t\t<table class=\"table table-bordered table-condensed\">\r\n\t\t\t\t\t<tr style=\"height:40px; text-align:center; vertical-align:middle;\">\r\n\t\t\t\t\t\t<td style=\" text-align:center; vertical-align:middle;\"></td>\r\n\t\t\t\t\t\t<td id=\"action-10\" style=\"text-align:center; vertical-align:middle;\"></td>\r\n\t\t\t\t\t\t<td id=\"action-11\" style=\"text-align:center; vertical-align:middle;\"></td>\r\n\t\t\t\t\t</tr>\r\n\t\t\t\t\t<tr style=\"height:40px;\">\r\n\t\t\t\t\t\t<td id=\"action-00\" style=\"font-weight:bold; text-align:center; vertical-align:middle;\"></td>\r\n\t\t\t\t\t\t<td id=\"matrix-00\" style=\"text-align:center; vertical-align:middle;\"></td>\r\n\t\t\t\t\t\t<td id=\"matrix-01\" style=\"text-align:center; vertical-align:middle;\"></td>\r\n\t\t\t\t\t</tr>\r\n\t\t\t\t\t<tr style=\"height:40px;\">\r\n\t\t\t\t\t\t<td id=\"action-01\" style=\"font-weight:bold; text-align:center; vertical-align:middle;\"></td>\r\n\t\t\t\t\t\t<td id=\"matrix-10\" style=\"text-align:center; vertical-align:middle;\"></td>\r\n\t\t\t\t\t\t<td id=\"matrix-11\" style=\"text-align:center; vertical-align:middle;\"></td>\r\n\t\t\t\t\t</tr>\r\n\t\t\t\t</table>\r\n\t\t\t\t<div>\r\n\t\t\t\t\t<span id=\"delay\">&nbsp</span>\r\n\t\t\t\t</div>\r\n\t\t\t\t<hr/>\r\n\t\t\t\t<div>\r\n\t\t\t\t\t<button id=\"ready-button\" class=\"btn\" disabled=\"disabled\">Ready</button>\r\n\t\t\t\t</div>\r\n\t\t\t</div>\r\n\t\t\t<div class=\"span9\">\r\n\t\t\t\t<div>\r\n\t\t\t\t\t<div id=\"plot\" style=\"height:260px;\"></div>\r\n\t\t\t\t</div>\r\n\t\t\t</div>\r\n\t\t</div>\r\n\t</div>\r\n</body>\r\n{% endverbatim %}\r\n</html>\r\n", "name": "Start", "css": " .no-transition:hover{\r\n   -webkit-transition: none;\r\n   background-position: 0 0;\r\n }\r\n \r\n td {\r\n  text-align: center;\r\n  vertical-align: middle;\r\n }", "js": "Redwood.controller(\"SubjectCtrl\", [\"$rootScope\", \"$scope\", \"Subject\", function($rootScope, $scope, rs) {\r\n  \r\n  $scope.STATIC_URL = STATIC_URL;\r\n  \r\n  var Display = {\r\n    \r\n  \t//Constants to use for you and opponent\r\n  \tYOU: 0,\r\n  \tOPPONENT: 1,\r\n  \t\r\n  \tActions: { //Enumeration of actions\r\n  \t\t1: \"A\",\r\n  \t\t2: \"B\"\r\n  \t},\r\n  \t\r\n  \tinitialize: function(){ //initializes the display\r\n  \t\tDisplay.configureMatrix();\r\n  \t\tDisplay.readyButtonFlasher.initialize();\r\n  \t\tDisplay.setActionsEnabled(false); //Disable user input initially\r\n  \t\t$(document).keydown(Display.onKeyDown); //subscribe to keydown events so that actions can be changed using keyboard arrows\r\n  \t\t$(\"#period\").text(rs.period); //display current period\r\n  \t\tDisplay.readyButtonFlasher.setFlashing(true); //flash the ready button\r\n  \t\t$(\"#ready-button\").click(function(){\r\n  \t\t\trs.trigger(\"ready\"); //User input events should only ever trigger a RedwoodSubject event and all actions should take place within the triggered event handlers. This is so that state is maintained after a browser refresh.\r\n  \t\t});\r\n  \t\trs.on(\"ready\", function(value){ //event handler for ready button click\r\n  \t\t\tDisplay.readyButtonFlasher.setFlashing(false); \r\n  \t\t\t$(\"#ready-button\").attr(\"disabled\", \"disabled\");\r\n  \t\t});\r\n  \t\t$(\"#ready-button\").removeAttr(\"disabled\");\r\n  \t},\r\n  \t\r\n  \treadyButtonFlasher: {\r\n  \t\tinitialize: function() {\r\n  \t\t\tvar _this = this;\r\n  \t\t\t$(\"#ready-button\").css(\"-webkit-transition\", \"none\");\r\n  \t\t\t$(\"#ready-button\").css(\"background-position\", \"0 0\");\r\n  \t\t\t$(\"#ready-button\").on(\"mouseover\", function (event) {\r\n  \t\t\t\t_this.mouseOver = true;\r\n  \t\t\t\tif(_this.flashing) {\r\n  \t\t\t\t\t$(\"#ready-button\").css(\"background-image\", \"linear-gradient(white, rgb(108, 190, 108))\");\r\n  \t\t\t\t}\r\n  \t\t\t});\r\n  \t\t\t$(\"#ready-button\").on(\"mouseout\", function (event) {\r\n  \t\t\t\t_this.mouseOver = false;\r\n  \t\t\t});\r\n  \t\t},\r\n  \t\tsetFlashing: function(flashing) {\r\n  \t\t\tthis.flashing = flashing;\r\n  \t\t\tvar _this = this;\r\n  \t\t\tif(!this.background) {\r\n  \t\t\t\tthis.background = $(\"#ready-button\").css(\"background-image\");\r\n  \t\t\t}\r\n  \t\t\tif(flashing) {\r\n  \t\t\t\tthis.interval = setInterval(function() {\r\n  \t\t\t\t\tif(_this.green && !_this.mouseOver) {\r\n  \t\t\t\t\t\t$(\"#ready-button\").css(\"background-image\", _this.background);\r\n  \t\t\t\t\t} else {\r\n  \t\t\t\t\t\t$(\"#ready-button\").css(\"background-image\", \"linear-gradient(white, rgb(108, 190, 108))\");\r\n  \t\t\t\t\t}\r\n  \t\t\t\t\t_this.green = !_this.green;\r\n  \t\t\t\t}, 500);\r\n  \t\t\t} else {\r\n  \t\t\t\tclearInterval(this.interval);\r\n  \t\t\t\t$(\"#ready-button\").css(\"background-image\", _this.background);\r\n  \t\t\t}\r\n  \t\t}\r\n  \t},\r\n  \t\r\n  \tsetActionsEnabled: function(enabled) { //enables or disables user input, removes links when not enabled\r\n  \t\tif(enabled) {\r\n  \t\t\tDisplay.actionsEnabled = true;\r\n  \t\t\tDisplay.matrix.inputs[Display.YOU][0].empty().append(Display.matrix.inputLink1);\r\n  \t\t\tDisplay.matrix.inputs[Display.YOU][1].empty().append(Display.matrix.inputLink2);\r\n  \t\t\t$(\"#delay\").html(\"&nbsp\"); //clear input delay indicator\r\n  \t\t} else {\r\n  \t\t\tDisplay.actionsEnabled = false;\r\n  \t\t\tDisplay.matrix.inputs[Display.YOU][0].empty().text(Display.Actions[1]).css(\"color\", \"grey\");\r\n  \t\t\tDisplay.matrix.inputs[Display.YOU][1].empty().text(Display.Actions[2]).css(\"color\", \"grey\");\r\n  \t\t}\r\n  \t},\r\n  \r\n  \tonKeyDown: function(evt) { //keyboard shortcuts for user input\r\n  \t\tif (evt.keyCode == 38) { //up arrow\r\n  \t\t\tDisplay.onUserAction(1);\r\n  \t\t} else if (evt.keyCode == 40){ //down arrow\r\n  \t\t\tDisplay.onUserAction(2);\r\n  \t\t}\r\n  \t},\r\n  \r\n  \tonUserAction: function(action) {\r\n  \t\tif(Display.actionsEnabled && action !== state.myAction){ //only trigger action events when selection has actually changed\r\n  \t\t\trs.trigger(\"__action__\", action);\r\n  \t\t}\r\n  \t},\r\n  \r\n  \tconfigureMatrix: function(){ //set up the input matrix\r\n  \t\tDisplay.matrix = function(){};\r\n  \t\tDisplay.matrix.inputs = [[$(\"#action-00\"), $(\"#action-01\")], [$(\"#action-10\"), $(\"#action-11\")]]; //an array of the input elements\r\n  \t\tDisplay.matrix.outputs = [[$(\"#matrix-00\"), $(\"#matrix-01\")], [$(\"#matrix-10\"), $(\"#matrix-11\")]]; //an array of the output elements\r\n  \t\t\r\n  \t\tDisplay.matrix.maxReward = 0; //used to set the scale of the y-axis on the plot.\r\n  \t\t\r\n  \t\tfor(var i = 0; i < 4; i++){\r\n  \t\t\tvar row = Math.floor(i/2);\r\n  \t\t\tvar column = i % 2;\r\n  \t\t\tDisplay.matrix.outputs[row][column].append(\"<strong>\" + state.matrix[row][column][Display.YOU] + \"</strong>, \"); //populate the matrix square with your reward in bold\r\n  \t\t\tDisplay.matrix.outputs[row][column].append(state.matrix[row][column][Display.OPPONENT]); //and the opponents reward\r\n  \t\t\t\r\n  \t\t\tif(state.matrix[row][column][Display.YOU] > Display.matrix.maxReward){\r\n  \t\t\t\tDisplay.matrix.maxReward = state.matrix[row][column][Display.YOU];\r\n  \t\t\t}\r\n  \t\t\tif(state.matrix[row][column][Display.OPPONENT] > Display.matrix.maxReward){\r\n  \t\t\t\tDisplay.matrix.maxReward = state.matrix[row][column][Display.OPPONENT];\r\n  \t\t\t}\r\n  \t\t}\r\n  \t\tDisplay.matrix.inputs[Display.OPPONENT][0].text(Display.Actions[1]);\r\n  \t\tDisplay.matrix.inputs[Display.OPPONENT][1].text(Display.Actions[2]);\r\n  \t\t//Create a link for each of your input blocks that calls the onUserAction() function\r\n  \t\tDisplay.matrix.inputLink1 = \"<a id='input-link-1' href='javascript:Display.onUserAction(1);' style='display:block; height:100%; width:100%; line-height:\" + Display.matrix.inputs[Display.YOU][0].css(\"height\") + \";'>\" + Display.Actions[1] + \"</a>\";\r\n  \t\tDisplay.matrix.inputLink2 = \"<a id='input-link-2' href='javascript:Display.onUserAction(2);' style='display:block; height:100%; width:100%; line-height:\" + Display.matrix.inputs[Display.YOU][1].css(\"height\") + \";'>\" + Display.Actions[2] + \"</a>\";\r\n  \t\t//Add the links to the blocks\r\n  \t\tDisplay.matrix.inputs[Display.YOU][0].append(Display.matrix.inputLink1);\r\n  \t\tDisplay.matrix.inputs[Display.YOU][1].append(Display.matrix.inputLink2);\r\n  \t},\r\n  \r\n  \tupdateMatrix: function() { //update the input matrix with the current user actions\r\n  \t\tfor(var i = 0; i < 4; i++){ //clear all shading\r\n  \t\t\tvar row = Math.floor(i/2);\r\n  \t\t\tvar column = i % 2;\r\n  \t\t\tDisplay.matrix.outputs[row][column].css(\"background-image\", \"none\");\r\n  \t\t\tDisplay.matrix.inputs[row][column].css(\"background-image\", \"none\");\r\n  \t\t}\r\n  \t\t\r\n  \t\tif(!isNullOrUndefined(state.myAction)) { //shade the row corresponding to your action in light color\r\n  \t\t\tDisplay.matrix.inputs[Display.YOU][state.myAction - 1].css(\"background-image\", \"url('\" + IMAGE_URL + \"/InputBlueLight.png')\");\r\n  \t\t\tDisplay.matrix.outputs[state.myAction - 1][0].css(\"background-image\", \"url('\" + IMAGE_URL + \"/InputBlueLight.png')\");\r\n  \t\t\tDisplay.matrix.outputs[state.myAction - 1][1].css(\"background-image\", \"url('\" + IMAGE_URL + \"/InputBlueLight.png')\");\r\n  \t\t}\r\n  \t\t\r\n  \t\tif(!isNullOrUndefined(state.prevOpponentAction)) { //shade the column corresponding to your opponent's action in light color\r\n  \t\t\tDisplay.matrix.inputs[Display.OPPONENT][state.prevOpponentAction - 1].css(\"background-image\", \"url('\" + IMAGE_URL + \"/InputBlueLight.png')\");\r\n  \t\t\tDisplay.matrix.outputs[0][state.prevOpponentAction - 1].css(\"background-image\", \"url('\" + IMAGE_URL + \"/InputBlueLight.png')\");\r\n  \t\t\tDisplay.matrix.outputs[1][state.prevOpponentAction - 1].css(\"background-image\", \"url('\" + IMAGE_URL + \"/InputBlueLight.png')\");\r\n  \t\t}\r\n  \t\t\r\n  \t\tif(!isNullOrUndefined(state.myAction) && !isNullOrUndefined(state.prevOpponentAction)) { //shade the common block in dark color\r\n  \t\t\tDisplay.matrix.outputs[state.myAction - 1][state.prevOpponentAction - 1].css(\"background-image\", \"url('\" + IMAGE_URL + \"/InputBlueDark.png')\");\r\n  \t\t}\r\n  \t\t\r\n  \t\tif(state.tEnableInput) {\r\n  \t\t\t$(\"#delay\").text(\"Delay: \" + Math.ceil((state.tEnableInput - state.t) / state.frequency) + \"s\"); //Display delay indicator\r\n  \t\t}\r\n  \t},\r\n  \r\n  \treplot: function() { //update the plot\r\n  \t\tvar xrange = 1;\r\n  \t\tvar opts = {\r\n  \t\t\txaxis: { tickLength: 0, min: 0, max: xrange },\r\n  \t\t\tyaxis: { tickLength: 0, min: 0, max: Display.matrix.maxReward + (Display.matrix.maxReward * 0.2) },\r\n  \t\t\tseries: { shadowSize: 0 }\r\n  \t\t};\r\n  \t\tvar dataset = [];\r\n  \t\tfor(var p = 0; p < state.subPeriods.length; p++){ //mark each sub-period with a vertical red line\r\n  \t\t\tdataset.push({\r\n  \t\t\t\tdata: [\r\n  \t\t\t\t\t[state.subPeriods[p], opts.yaxis.min],\r\n  \t\t\t\t\t[state.subPeriods[p], opts.yaxis.max]\r\n  \t\t\t\t],\r\n  \t\t\t\tlines: { lineWidth: 1 },\r\n  \t\t\t\tcolor: \"red\"\r\n  \t\t\t});\r\n  \t\t}\r\n  \t\tdataset.push({ //plot your rewards as a grey integral\r\n  \t\t\tdata: state.plot,\r\n  \t\t\tlines: { fill: true, lineWidth: 0, fillColor: \"grey\" },\r\n  \t\t\tcolor: \"grey\"\r\n  \t\t});\r\n  \t\tdataset.push({ //plot your opponent's rewards as a black line\r\n  \t\t\tdata: state.opponentPlot,\r\n  \t\t\tlines: { lineWidth: 2 },\r\n  \t\t\tcolor: \"black\"\r\n  \t\t});\r\n  \t\tdataset.push({ //display the current time indicator as a vertical grey line\r\n  \t\t\tdata: [\r\n  \t\t\t\t[state.t / state.tMax, opts.yaxis.min],\r\n  \t\t\t\t[state.t / state.tMax, opts.yaxis.max]\r\n  \t\t\t],\r\n  \t\t\tcolor: \"grey\"\r\n  \t\t});\r\n  \t\t$.plot(\"#plot\", dataset, opts);\r\n  \t},\r\n  \t\r\n  \tshowLegend: function() {\r\n  \t\t$(\"#legend\").show();\r\n  \t}\r\n  };\r\n  \r\n  window.Display = Display;\r\n  \r\n  var state = {}; //create a global state object that is shared with the display\r\n\r\n\tvar initializeSimulation = function() { //this is sent by admin as the first tick when the simulation is starting\r\n\t\tstate.frequency = 10; //store the tick frequency\r\n\t\tvar num_sub_periods = rs.config.num_sub_periods || (rs.config.period_length_s * state.frequency); //If this config value is zero there will be a subperiod every tick\r\n\t\tstate.ticksPerSubPeriod = Math.floor(rs.config.period_length_s * state.frequency / num_sub_periods);\r\n\t\tstate.tMax = state.ticksPerSubPeriod * num_sub_periods; //The number of ticks that will be sent this period.\r\n\t\t\r\n\t\tstate.t = 0;\r\n\t\tstate.myAction = rs.config.initial_actions[rs.user_id - 1]; //set actions to the initial actions specified in the config\r\n\t\tstate.opponentAction = rs.config.initial_actions[state.partner_id - 1];\r\n\t\tstate.prevOpponentAction = state.opponentAction;\r\n\t\t\r\n\t\t//initialize other state variables\r\n\t\tstate.rewards = [];\r\n\t\tstate.opponentRewards = [];\r\n\t\tstate.plot = [];\r\n\t\tstate.opponentPlot = [];\r\n\t\tstate.subPeriods = [];\r\n\t\tif(state.ticksPerSubPeriod > 1){ //set up the sub period markers so they can be displayed on the plot\r\n\t\t\tfor(var i = 1; i <= state.tMax; i++){\r\n\t\t\t\tif(i % state.ticksPerSubPeriod === 0){\r\n\t\t\t\t\tstate.subPeriods.push(i / state.tMax);\r\n\t\t\t\t}\r\n\t\t\t}\r\n\t\t}\r\n\t\tDisplay.updateMatrix();\r\n\t\tDisplay.replot();\r\n\t\tDisplay.showLegend();\r\n\t\t\r\n\t\tif(rs.config.initial_delay_s > 0) {\r\n\t\t\tstate.tEnableInput = rs.config.initial_delay_s * state.frequency; //only enable input after the initial delay period specified in the config\r\n\t\t} else {\r\n\t\t\tDisplay.setActionsEnabled(true); //otherwise enable input immediately\r\n\t\t}\r\n\t\t//rs.send(\"__tick_ack__\", {t: state.t}); //send a tick acknowledgement back for admin\r\n\t};\r\n\t\r\n\tvar processTick = function(value){ //sent by admin at the specified frequency as long as all subjects have acknowledged the previous tick\r\n\t\t//rs.send(\"__tick_ack__\", {t: value.t}); //send a tick acknowledgement back for admin\r\n\t\tstate.t = value.t;\r\n\t\tif(value.t % state.ticksPerSubPeriod === 0){ //if this is the end of a sub period (in the \"continuous\" version, every tick is the end of a sub period)\r\n\t\t\tstate.prevOpponentAction = state.opponentAction;\r\n\t\t\tDisplay.updateMatrix();\r\n\t\t\tvar reward = state.matrix[state.myAction - 1][state.prevOpponentAction - 1][0]; //allocate reward based on the current user actions and the matrix\r\n\t\t\tstate.rewards.push(reward);\r\n\t\t\trs.add_points(state.rewards[state.rewards.length - 1] * state.ticksPerSubPeriod / state.tMax); //add the integral of the current reward value over the length of the subperiod\r\n\t\t\tstate.plot.push([(state.t - state.ticksPerSubPeriod) / state.tMax, state.rewards[state.rewards.length - 1]]);\r\n\t\t\tstate.plot.push([state.t / state.tMax, state.rewards[state.rewards.length - 1]]);\r\n\t\t\tvar opponentReward = state.matrix[state.myAction - 1][state.prevOpponentAction - 1][1];\r\n\t\t\tstate.opponentRewards.push(opponentReward);\r\n\t\t\tstate.opponentPlot.push([(state.t - state.ticksPerSubPeriod) / state.tMax, state.opponentRewards[state.opponentRewards.length - 1]]);\r\n\t\t\tstate.opponentPlot.push([state.t / state.tMax, state.opponentRewards[state.opponentRewards.length - 1]]);\r\n\t\t}\r\n\t\tDisplay.replot();\r\n\t\tif(state.tEnableInput && state.t >= state.tEnableInput) {\r\n\t\t\tDisplay.setActionsEnabled(true);\r\n\t\t\tstate.tEnableInput = undefined;\r\n\t\t}\r\n\t\tif(state.t === state.tMax) { //if this is the final tick of the simulation\r\n\t\t\trs.trigger(\"simulation_complete\");\r\n\t\t}\r\n\t};\r\n\t\r\n\trs.on(\"simulation_complete\", function(value) {\r\n\t\tDisplay.setActionsEnabled(false);\r\n\t\tstate.period_complete = true;\r\n\t\trs.next_period(5); //request the framework to advance to the next period\r\n\t});\r\n\t\r\n\trs.on(\"__action__\", function(value){ //triggered when the user changes their selection\r\n\t\tstate.myAction = value; \r\n\t\tDisplay.updateMatrix();\r\n\t\tif(rs.config.action_cost > 0) { //subtract the action cost specified in the config\r\n\t\t\trs.add_points(-rs.config.action_cost);\r\n\t\t}\r\n\t\tif(rs.config.action_delay_s > 0) { //disable inputs for the action delay specified in the config\r\n\t\t\tstate.tEnableInput = state.t + (rs.config.action_delay_s * state.frequency);\r\n\t\t\tDisplay.setActionsEnabled(false);\r\n\t\t}\r\n\t});\r\n\t\r\n\trs.recv(\"__action__\", function(sender, value){ //receive other subjects actions\r\n\t\tif(sender === state.partner_id){ //if the other subject is the opponent, update their current action\r\n\t\t\tstate.opponentAction = value;\r\n\t\t};\r\n\t});\r\n\t\r\n\trs.on_load(function() { //called once the page has loaded for a new sub period\r\n\t\tvar player_index;\r\n\t\tfor(var pair = 0; pair < rs.config.pairs.length; pair++) { //decide who is the first player and who is the second player\r\n\t\t\tif(rs.config.pairs[pair][0] == rs.user_id || rs.config.pairs[pair][1] == rs.user_id) {\r\n\t\t\t\tif(rs.config.pairs[pair][0] == rs.user_id) {\r\n\t\t\t\t\tplayer_index = 0;\r\n\t\t\t\t\tstate.partner_id = rs.config.pairs[pair][1].toString();\r\n\t\t\t\t} else if(rs.config.pairs[pair][1] == rs.user_id) {\r\n\t\t\t\t\tplayer_index = 1;\r\n\t\t\t\t\tstate.partner_id = rs.config.pairs[pair][0].toString();\r\n\t\t\t\t}\r\n\t\t\t}\r\n\t\t}\r\n\t\t\r\n\t\tif(player_index === 0) {\r\n\t\t\tstate.matrix = rs.config.matrix;\r\n\t\t} else if(player_index === 1) {\r\n\t\t\tstate.matrix = transpose(rs.config.matrix); //transpose the matrix for the second player\r\n\t\t}\r\n\t\t\r\n\t\tDisplay.initialize();\r\n\t\t\r\n\t\trs.when_realtime(function() {\r\n\t\t\tstate.timer_latch = true;\r\n\t\t});\r\n\t});\r\n\t\r\n\trs.on(\"ready\", function(value){ //event handler for ready button click\r\n\t\trs.after_waiting_for_all(function() {\r\n\t\t\tinitializeSimulation();\r\n\t\t\tnext_tick();\r\n\t\t});\r\n\t});\r\n\t\r\n\tvar next_tick = function() {\r\n\t\trs.after_waiting_for_all(function() {\r\n\t\t\tstate.sync_latch = true;\r\n\t\t\tif(state.timer_latch || !rs.is_realtime) {\r\n\t\t\t\texecuteTick();\r\n\t\t\t}\r\n\t\t});\r\n\t\tif(rs.is_realtime) {\r\n\t\t\tstate.timer = setTimeout(function() {\r\n\t\t\t\tstate.timer_latch = true;\r\n\t\t\t\tif(state.sync_latch) {\r\n\t\t\t\t\texecuteTick();\r\n\t\t\t\t}\r\n\t\t\t}, 1000 / state.frequency);\r\n\t\t}\r\n\t};\r\n\t\r\n\tvar executeTick = function() {\r\n\t\tstate.sync_latch = false;\r\n\t\tstate.timer_latch = false;\r\n\t\tclearTimeout(state.timer);\r\n\t\tif(state.t < state.tMax - 1) {\r\n\t\t\tnext_tick();\r\n\t\t}\r\n\t\tprocessTick({t: state.t + 1});\r\n\t};\r\n\t\r\n\tvar transpose = function(matrix) { //transpose a 2x2 matrix\r\n\t\tvar transposed = [[[], []], [[], []]];\r\n\t\tfor(var i = 0; i < 4; i++){\r\n\t\t\tvar row = Math.floor(i/2);\r\n\t\t\tvar column = i % 2;\r\n\t\t\ttransposed[column][row] = [matrix[row][column][1], matrix[row][column][0]];\r\n\t\t}\r\n\t\treturn transposed;\r\n\t};\r\n\r\n}]);"}}, {"pk": 9, "model": "expecon.page", "fields": {"experiment": 3, "html": "{% load verbatim %}\r\n<!DOCTYPE HTML>\r\n<html ng-app=\"Redwood\">\r\n<head>\r\n  <title>Finish</title>\r\n\t<script type=\"text/javascript\" src=\"{{ STATIC_URL }}js/jquery.min.js\"></script>\r\n  <script type=\"text/javascript\" src=\"{{ STATIC_URL }}angular/angular-1.3.0-beta.6.js\"></script>\r\n\t<script type=\"text/javascript\" src=\"{{ STATIC_URL }}js/redwood2_helpers.js\"></script>\r\n\t<script type=\"text/javascript\" src=\"{{ STATIC_URL }}js/redwood2.js\"></script>\r\n\t<script type=\"text/javascript\" src=\"{{ STATIC_URL }}js/redwood2_subject.js\"></script>\r\n\t<link type=\"text/css\" rel=\"stylesheet\" href=\"{{ STATIC_URL }}css/bootstrap.min.css\"></link>\r\n\t<script type=\"text/javascript\">\r\n\t\t{{ js }}\r\n\t</script>\r\n\t<style type=\"text/css\">\r\n\t\t{{ css }}\r\n\t</style>\r\n</head>\r\n{% verbatim %}\r\n<body ng-controller=\"SubjectCtrl\" style=\"padding-top:60px;\">\r\n\t\r\n\t<div class=\"navbar navbar-fixed-top container\">\r\n\t\t<div class=\"navbar-inner\">\r\n\t\t\t<div class=\"container-fluid\">\r\n\t\t\t\t<div class=\"brand\" href=\"#\">Interactive Decision Making Experiment</div>\r\n\t\t\t\t<div class=\"nav-collapse collapse\">\r\n\t\t\t\t\t<p class=\"navbar-text pull-right\">\r\n\t\t\t\t\t\tUser ID: <span class=\"navbar-link\">{{$root.user_id}}</span>\r\n\t\t\t\t\t</p>\r\n\t\t\t\t</div>\r\n\t\t\t</div>\r\n\t\t</div>\r\n\t</div>\r\n\t\r\n\t<div class=\"container\">\r\n\t\t<table class=\"table table-bordered table-condensed\">\r\n\t\t\t<thead>\r\n\t\t\t\t<tr><th>Period</th><th>Points</th><th>Earnings</th></tr>\r\n\t\t\t</thead>\r\n\t\t\t<tbody id=\"results\">\r\n\t\t\t\r\n\t\t\t</tbody>\r\n\t\t</table>\r\n\t</div>\r\n</body>\r\n{% endverbatim %}\r\n</html>\r\n", "name": "Finish", "css": "", "js": "Redwood.controller(\"SubjectCtrl\", [\"$rootScope\", \"$scope\", \"Subject\", function($rootScope, $scope, rs) {\r\n  \r\n  var state = {};\r\n  \r\n  rs.on_load(function() {\r\n\t\tstate.totalEarnings = 0;\r\n\t\t\r\n\t\tvar points_by_period = rs.subject[rs.user_id].points_by_period();\r\n\t\tfor (var i = 0; i < points_by_period.length; i++) {\r\n\t\t\tstate.totalEarnings += points_by_period[i];\r\n\t\t\tvar row = '<tr><td>' + (i + 1) + '</td><td>' + points_by_period[i].toFixed(2) + '</td><td>$' + points_by_period[i].toFixed(2) + '</td></tr>';\r\n\t\t\t$(\"#results\").append(row);\r\n\t\t}\r\n\t\t\r\n\t\t//rs.send(\"__set_show_up_fee__\", {show_up_fee: state.totalEarnings});\r\n\t\tvar row = '<tr class= \"warning\"><td>Average:</td><td>' + (rs.accumulated_points / (rs.period - 1)).toFixed(2) + '</td><td>$' + (state.totalEarnings / (rs.period - 1)).toFixed(2) + '</td></tr>';\r\n\t\t$(\"#results\").append(row);\r\n\t\tvar row = '<tr class= \"success\"><td>Total:</td><td>' + rs.accumulated_points.toFixed(2) + '</td><td>$' + state.totalEarnings.toFixed(2) + '</td></tr>';\r\n\t\t$(\"#results\").append(row);\r\n\t});\r\n\r\n}]);"}}]