[{"pk": 23, "model": "expecon.experiment", "fields": {"name": "Continuous Matrix Deploy", "admin_css": "body {\r\n  padding-top: 60px;\r\n}\r\n\r\n", "comments": "", "experimenter": 1, "admin_html": "<!DOCTYPE HTML>\r\n<html ng-app=\"Redwood\">\r\n  <head>\r\n\t\t<title>Continuous Matrix Admin</title>\r\n\t\t<script type=\"text/javascript\" src=\"{{ STATIC_URL }}framework/js/lib/jquery/jquery.min.js\"></script>\r\n\t\t<script type=\"text/javascript\" src=\"{{ STATIC_URL }}framework/js/lib/bootstrap/bootstrap-3.1.1.min.js\"></script>\r\n\t\t<script type=\"text/javascript\" src=\"{{ STATIC_URL }}framework/js/lib/angular/angular-1.2.16.js\"></script>\r\n\t\t<script type=\"text/javascript\" src=\"{{ STATIC_URL }}framework/js/redwoodCore.js\"></script>\r\n\t\t<script type=\"text/javascript\" src=\"{{ STATIC_URL }}framework/js/redwoodHelpers.js\"></script>\r\n\t\t<script type=\"text/javascript\" src=\"{{ STATIC_URL }}framework/js/redwoodAdmin.js\"></script>\r\n\t\t<link type=\"text/css\" rel=\"stylesheet\" href=\"{{ STATIC_URL }}framework/css/bootstrap.min.css\"></link>\r\n\t\t<script type=\"text/javascript\">\r\n\t\t\t{{ js }}\r\n\t\t</script>\r\n\t\t<style type=\"text/css\">\r\n\t\t\t{{ css }}\r\n\t\t</style>\r\n\t</head>\r\n\t<body ng-controller=\"AdminCtrl\">\r\n\t\t<div class=\"navbar navbar-fixed-top container\">\r\n\t\t\t<div class=\"navbar-inner\">\r\n\t\t\t\t<div class=\"container-fluid\">\r\n\t\t\t\t\t<div class=\"brand\" href=\"#\">Economics Experiment</div>\r\n\t\t\t\t\t<div class=\"nav-collapse collapse\">\r\n\t\t\t\t\t\t<p class=\"navbar-text pull-right\">Administrator</p>\r\n\t\t\t\t\t</div>\r\n\t\t\t\t</div>\r\n\t\t\t</div>\r\n\t\t</div>\r\n\r\n\t\t<div class=\"container\">\r\n\t\t\t<div class=\"row\">\r\n\t\t\t\t<div class=\"span3\">\r\n\t\t\t\t\t<div class=\"row\">\r\n\t\t\t\t\t\t<div class=\"span3\">\r\n\t\t\t\t\t\t\t<div class=\"well sidebar-nav\">\r\n\t\t\t\t\t\t\t\t<ul class=\"nav nav-list\">\r\n\t\t\t\t\t\t\t\t\t<li><span id=\"router-status\" class=\"badge badge-important\"></span></li>\r\n\t\t\t\t\t\t\t\t</ul>\r\n\t\t\t\t\t\t\t</div>\r\n\t\t\t\t\t\t</div>\r\n\t\t\t\t\t</div>\r\n\t\t\t\t\t<div class=\"row\">\r\n\t\t\t\t\t\t<div class=\"span3\">\r\n\t\t\t\t\t\t\t<div class=\"well sidebar-nav\">\r\n\t\t\t\t\t\t\t\t<ul class=\"nav nav-list\">\r\n\t\t\t\t\t\t\t\t\t<li><a href=\"admin/payouts\" target=\"_blank\">View Payouts</a></li>\r\n\t\t\t\t\t\t\t\t\t<li><a id=\"archive\" href=\"#\">Archive Session</a></li>\r\n\t\t\t\t\t\t\t\t\t<li><a id=\"download\" href=\"admin/download\">Download Data</a></li>\r\n\t\t\t\t\t\t\t\t</ul>\r\n\t\t\t\t\t\t\t</div>\r\n\t\t\t\t\t\t</div>\r\n\t\t\t\t\t</div>\r\n\t\t\t\t</div>\r\n\t\t\t\t<div class=\"span9\">\r\n\t\t\t\t\t<div class=\"row\">\r\n\t\t\t\t\t\t<div class=\"span9\">\r\n\t\t\t\t\t\t\t<p>Subjects:</p>\r\n\t\t\t\t\t\t\t<table class=\"table table-bordered table-condensed table-striped\">\r\n\t\t\t\t\t\t\t\t<thead>\r\n\t\t\t\t\t\t\t\t<tr><th>ID</th><th>Group</th><th>Period</th><th style=\"width: 150px;\"></th></tr>\r\n\t\t\t\t\t\t\t\t</thead>\r\n\t\t\t\t\t\t\t\t<tbody id=\"subject-list\">\r\n\t\t\t\t\t\t\t\t</tbody>\r\n\t\t\t\t\t\t\t</table>\r\n\t\t\t\t\t\t</div>\r\n\t\t\t\t\t</div>\r\n\t\t\t\t\t<div class=\"row\">\r\n\t\t\t\t\t\t<div class=\"span6\">\r\n\t\t\t\t\t\t\t<button id=\"start-session\" class=\"btn btn-success\">Start Session</button>\r\n\t\t\t\t\t\t\t<button id=\"refresh-subjects\" class=\"btn btn-info\" title=\"Attempt recover by refreshing all subject browsers\">Recover Session</button>\r\n\t\t\t\t\t\t\t<button id=\"reset-session\" class=\"btn btn-danger\">Reset Session</button>\r\n\t\t\t\t\t\t</div>\r\n\t\t\t\t\t\t<div class=\"span3\">\r\n\t\t\t\t\t\t\t<div class=\"pull-right\">\r\n\t\t\t\t\t\t\t\t<button id=\"pause-session\" class=\"btn btn-warning\" disabled=\"disabled\">Pause</button>\r\n\t\t\t\t\t\t\t\t<button id=\"resume-session\" class=\"btn btn-primary\" disabled=\"disabled\">Resume</button>\r\n\t\t\t\t\t\t\t</div>\r\n\t\t\t\t\t\t</div>\r\n\t\t\t\t\t</div>\r\n\t\t\t\t</div>\r\n\t\t\t</div>\r\n\t\t\t<div class=\"row\">\r\n\t\t\t\t<div class=\"span12\">\r\n\t\t\t\t\t<hr/>\r\n\t\t\t\t\t<p>Configuration:</p>\r\n\t\t\t\t\t<load-config></load-config>\r\n\t\t\t\t\t<div style=\"overflow: auto;\">\r\n\t\t\t\t\t\t<table class=\"config table table-bordered table-striped table-condensed\"></table>\r\n\t\t\t\t\t</div>\r\n\t\t\t\t</div>\r\n\t\t\t</div>\r\n\t\t</div>\r\n\t</body>\r\n</html>\r\n", "admin_js": "Redwood.controller(\"AdminCtrl\", [\"$rootScope\", \"$scope\", \"Admin\", function($rootScope, $scope, ra) {\r\n\tvar Display = { //Display controller\r\n\r\n\t\tinitialize: function() {\r\n\t\t\t$(\"#start-session\").click(function () {\r\n\t\t\t\t$(\"#start-session\").attr(\"disabled\", \"disabled\");\r\n\t\t\t\tra.trigger(\"start_session\");\r\n\t\t\t});\r\n\r\n\t\t\tra.on(\"start_session\", function() {\r\n\t\t\t\t$(\"#start-session\").attr(\"disabled\", \"disabled\");\r\n\t\t\t\t$(\"#pause-session\").removeAttr(\"disabled\");\r\n\t\t\t});\r\n\r\n\t\t\t$(\"#refresh-subjects\").click(function () {\r\n\t\t\t\t$(\"#refresh-subjects\").attr(\"disabled\", \"disabled\");\r\n\t\t\t\tra.refreshSubjects().then(function() {\r\n\t\t\t\t\t$(\"#refresh-subjects\").removeAttr(\"disabled\");\r\n\t\t\t\t});\r\n\t\t\t});\r\n\r\n\t\t\t$(\"#reset-session\").click(function () {\r\n\t\t\t\tra.reset();\r\n\t\t\t});\r\n\r\n\t\t\t$(\"#pause-session\").click(function () {\r\n\t\t\t\t$(\"#pause-session\").attr(\"disabled\", \"disabled\");\r\n\t\t\t\tra.trigger(\"pause\");\r\n\t\t\t});\r\n\t\t\tra.on(\"pause\", function() {\r\n\t\t\t\t$(\"#pause-session\").attr(\"disabled\", \"disabled\");\r\n\t\t\t});\r\n\r\n\t\t\t$(\"#resume-session\").click(function () {\r\n\t\t\t\t$(\"#resume-session\").attr(\"disabled\", \"disabled\");\r\n\t\t\t\tra.trigger(\"resume\");\r\n\t\t\t});\r\n\t\t\tra.on(\"resume\", function() {\r\n\t\t\t\t$(\"#resume-session\").attr(\"disabled\", \"disabled\");\r\n\t\t\t\t$(\"#pause-session\").removeAttr(\"disabled\");\r\n\t\t\t});\r\n\r\n\t\t\tra.on_subject_paused(function(userId) {\r\n\t\t\t\t$(\"#pause-session\").attr(\"disabled\", \"disabled\");\r\n\t\t\t\t$(\"tr.subject-\" + userId).addClass(\"warning\"); //Display current period for each user\r\n\t\t\t\t$(\"tr.subject-\" + userId + \" :nth-child(4)\").text(\"Paused\"); //Display current period for each user\r\n\t\t\t});\r\n\r\n\t\t\tra.on_all_paused(function() {\r\n\t\t\t\t$(\"#resume-session\").removeAttr(\"disabled\");\r\n\t\t\t});\r\n\r\n\t\t\tra.on_subject_resumed(function(user) {\r\n\t\t\t\t$(\"tr.subject-\" + user).removeClass(\"warning\"); //Display current period for each user\r\n\t\t\t\t$(\"tr.subject-\" + user + \" :nth-child(4)\").text(\"\"); //Display current period for each user\r\n\t\t\t});\r\n\r\n\t\t\t$(\"#archive\").click(function () {\r\n\t\t\t\tvar r = confirm(\"Are you sure you want to archive this session?\");\r\n\t\t\t\tif(r == true) {\r\n\t\t\t\t\tra.delete_session();\r\n\t\t\t\t}\r\n\t\t\t});\r\n\r\n\t\t\tra.on_router_connected(function(connected) { //Display router connection status\r\n\t\t\t\tvar status = $(\"#router-status\");\r\n\t\t\t\tif (connected) {\r\n\t\t\t\t\tstatus.text(\"Router Connected\");\r\n\t\t\t\t\tstatus.removeClass(\"badge-important\");\r\n\t\t\t\t\tstatus.addClass(\"badge-success\");\r\n\t\t\t\t} else {\r\n\t\t\t\t\tstatus.text(\"Router Disconnected\");\r\n\t\t\t\t\tstatus.removeClass(\"badge-success\");\r\n\t\t\t\t\tstatus.addClass(\"badge-important\");\r\n\t\t\t\t}\r\n\t\t\t});\r\n\r\n\t\t\tra.on_set_period(function(user, period) {\r\n\t\t\t\t$(\"tr.subject-\" + user + \" :nth-child(3)\").text(period); //Display current period for each user\r\n\t\t\t});\r\n\r\n\t\t\tra.on_set_group(function(user, group) {\r\n\t\t\t\t$(\"tr.subject-\" + user + \" :nth-child(2)\").text(group); //Display group for each user\r\n\t\t\t});\r\n\r\n\t\t\tra.on_register(function(user) { //Add a row to the table to each user\r\n\t\t\t\t$(\"#subject-list\").empty();\r\n\t\t\t\tfor(var i = 0, l = ra.subjects.length; i < l; i++) {\r\n\t\t\t\t\t$(\"#subject-list\").append($(\"<tr>\").addClass(\"subject-\" + ra.subjects[i].user_id).append(\r\n\t\t\t\t\t\t$(\"<td>\").text(ra.subjects[i].user_id).after(\r\n\t\t\t\t\t\t\t$(\"<td>\").text(0).after(\r\n\t\t\t\t\t\t\t\t$(\"<td>\").text(0).after(\r\n\t\t\t\t\t\t\t\t\t$(\"<td>\").text(\"\"))))));\r\n\t\t\t\t}\r\n\t\t\t});\r\n\r\n\t\t\tra.on_set_config(function(config) { //Display the config file\r\n\t\t\t\t$(\"table.config\").empty();\r\n\t\t\t\tvar a = $.csv.toArrays(config);\r\n\t\t\t\tfor (var i = 0; i < a.length; i++) {\r\n\t\t\t\t\tvar row = a[i];\r\n\t\t\t\t\tvar tr = $(\"<tr>\");\r\n\t\t\t\t\tfor (var j = 0; j < row.length; j++) {\r\n\t\t\t\t\t\tvar cell = row[j];\r\n\t\t\t\t\t\tvar td = $((i == 0 ? \"<th>\" : \"<td>\")).text(cell);\r\n\t\t\t\t\t\ttr.append(td);\r\n\t\t\t\t\t}\r\n\t\t\t\t\t$(\"table.config\").append(tr);\r\n\t\t\t\t}\r\n\t\t\t});\r\n\t\t}\r\n\t};\r\n\r\n\r\n\tvar resetGroups = function() {\r\n\t\tvar config = ra.get_config(1, 0) || {};\r\n\t\tfor (var i = 0; i < ra.subjects.length; i++) { //set all subjects to group 1 (this is so that matching can be changed per period)\r\n\t\t\tif($.isArray(config.groups)) {\r\n\t\t\t\tfor(var groupId = 0; groupId < config.groups.length; groupId++) {\r\n\t\t\t\t\tif($.isArray(config.groups[groupId])) {\r\n\t\t\t\t\t\tif(config.groups[groupId].indexOf(parseInt(ra.subjects[i].user_id)) > -1) { //Nested group array\r\n\t\t\t\t\t\t\tra.set_group(groupId + 1, ra.subjects[i].user_id);\r\n\t\t\t\t\t\t}\r\n\t\t\t\t\t} else {\r\n\t\t\t\t\t\tra.set_group(1, ra.subjects[i].user_id);\r\n\t\t\t\t\t}\r\n\t\t\t\t}\r\n\t\t\t} else {\r\n\t\t\t\tra.set_group(1, ra.subjects[i].user_id);\r\n\t\t\t}\r\n\t\t}\r\n\t};\r\n\r\n\tDisplay.initialize();\r\n\r\n\tra.on_load(function () {\r\n\t\tresetGroups(); //Assign groups to users\r\n\t});\r\n\r\n\tra.on_register(function(user) { //Add a row to the table to each user\r\n\t\tresetGroups();\r\n\t});\r\n\r\n\tra.on(\"start_session\", function() {\r\n\t\tra.start_session();\r\n\t});\r\n\r\n\tra.on(\"pause\", function() {\r\n\t\tra.pause();\r\n\t});\r\n\r\n\tra.on(\"resume\", function() {\r\n\t\tra.resume();\r\n\t});\r\n\r\n}]);\r\n\r\n", "rt_js": ""}}, {"pk": 74, "model": "expecon.page", "fields": {"experiment": 23, "html": "{% load verbatim %}\r\n<!DOCTYPE HTML>\r\n<html ng-app=\"Redwood\">\r\n\t<head>\r\n\t\t<title>Wait</title>\r\n\r\n\t\t<script type=\"text/javascript\" src=\"{{ STATIC_URL }}framework/js/lib/jquery/jquery.min.js\"></script>\r\n\t\t<script type=\"text/javascript\" src=\"{{ STATIC_URL }}framework/js/lib/bootstrap/bootstrap-3.1.1.min.js\"></script>\r\n\t\t<script type=\"text/javascript\" src=\"{{ STATIC_URL }}framework/js/lib/angular/angular-1.2.16.js\"></script>\r\n\t\t<script type=\"text/javascript\" src=\"{{ STATIC_URL }}framework/js/redwoodCore.js\"></script>\r\n\t\t<script type=\"text/javascript\" src=\"{{ STATIC_URL }}framework/js/redwoodHelpers.js\"></script>\r\n\t\t<script type=\"text/javascript\" src=\"{{ STATIC_URL }}framework/js/redwoodSubject.js\"></script>\r\n\t\t<link type=\"text/css\" rel=\"stylesheet\" href=\"{{ STATIC_URL }}framework/css/bootstrap-3.1.1.min.css\"></link>\r\n\t\t<script type=\"text/javascript\">\r\n\t\t\t{{ js }}\r\n\t\t</script>\r\n\t\t<style type=\"text/css\">\r\n\t\t\t{{ css }}\r\n\t\t</style>\r\n\t</head>\r\n{% verbatim %}\r\n\t<body ng-controller=\"SubjectCtrl\">\r\n\t\t\r\n\t\t<div class=\"navbar navbar-fixed-top container\">\r\n\t\t\t<div class=\"navbar navbar-default\" style=\"margin-bottom: 0;\">\r\n\t\t\t\t<div class=\"navbar-brand\" href=\"#\">Economics Experiment</div>\r\n\t\t\t\t<ul class=\"nav navbar-nav\">\r\n\t\t\t\t\t<li class=\"active\">\r\n\t\t\t\t\t\t<a>User ID: <span>{{ $root.user_id }}</span></a>\r\n\t\t\t\t\t</li>\r\n\t\t\t\t</ul>\r\n\t\t\t</div>\r\n\t\t</div>\r\n\t\t\r\n\t\t<div class=\"container\">\r\n\t\t\t<div class=\"row\">\r\n\t\t\t\t<div class=\"col-lg-12\">\r\n\t\t\t\t\tPlease wait for experiment to start...\r\n\t\t\t\t</div>\r\n\t\t\t</div>\r\n\t\t</div>\r\n\t</body>\r\n{% endverbatim %}\r\n</html>\r\n\r\n", "name": "Wait", "css": "body {\r\n  padding-top: 60px;\r\n}\r\n", "js": "Redwood.controller(\"SubjectCtrl\", [\"$rootScope\", \"$scope\", \"RedwoodSubject\", function($rootScope, $scope, rs) {\r\n\trs.on_load(function() {\r\n\t\trs.next_period();\r\n\t});\r\n}]);\r\n\r\n"}}, {"pk": 75, "model": "expecon.page", "fields": {"experiment": 23, "html": "{% load verbatim %}\r\n<!DOCTYPE HTML>\r\n<html ng-app=\"Redwood\">\r\n<head>\r\n  <title>Start</title>\r\n  <script type=\"text/javascript\" src=\"{{ STATIC_URL }}framework/js/lib/jquery/jquery.min.js\"></script>\r\n  <script type=\"text/javascript\" src=\"{{ STATIC_URL }}framework/js/lib/flot/jquery.flot.js\"></script>\r\n  <script type=\"text/javascript\" src=\"{{ STATIC_URL }}framework/js/lib/bootstrap/bootstrap-3.1.1.min.js\"></script>\r\n  <script type=\"text/javascript\" src=\"{{ STATIC_URL }}framework/js/lib/angular/angular-1.2.16.js\"></script>\r\n  <script type=\"text/javascript\" src=\"{{ STATIC_URL }}framework/js/redwoodCore.js\"></script>\r\n  <script type=\"text/javascript\" src=\"{{ STATIC_URL }}framework/js/redwoodHelpers.js\"></script>\r\n\t<script type=\"text/javascript\" src=\"{{ STATIC_URL }}framework/js/redwoodSubject.js\"></script>\r\n  <script type=\"text/javascript\" src=\"{{ STATIC_URL }}framework/js/synchronizedStopWatch.js\"></script>\r\n\t<link type=\"text/css\" rel=\"stylesheet\" href=\"{{ STATIC_URL }}framework/css/bootstrap-3.1.1.min.css\"></link>\r\n\t<script type=\"text/javascript\">\r\n\t\tvar IMAGE_URL = \"{{ STATIC_URL }}/img/Discrete Matrix\";\r\n\t\t{{ js }}\r\n\t</script>\r\n\t<style type=\"text/css\">\r\n\t\t{{ css }}\r\n\t</style>\r\n</head>\r\n{% verbatim %}\r\n<body ng-controller=\"SubjectCtrl\">\r\n\r\n\r\n<div class=\"navbar navbar-fixed-top container\">\r\n  <div class=\"navbar navbar-default\" style=\"margin-bottom: 0;\">\r\n\t\t<div class=\"navbar-brand\" href=\"#\">Economics Experiment</div>\r\n\t\t<ul class=\"nav navbar-nav\">\r\n\t\t\t<li class=\"active\">\r\n\t\t\t\t<a>User ID: <span>{{$root.user_id}}</span></a>\r\n\t\t\t</li>\r\n\t\t</ul>\r\n\t\t<div class=\"navbar-right\">\r\n\t\t\t<div class=\"navbar-text\">Period: <span>{{$root.period}}</span></div>\r\n\t\t\t<div class=\"navbar-text\">Total Reward: <span>{{$root.totalPoints | number:2}}</span></div>\r\n\t\t</div>\r\n\t</div>\r\n</div>\r\n\r\n<div class=\"container\">\r\n\t<div class=\"row\">\r\n\t\t<div class=\"col-lg-9\"></div>\r\n\t\t<div class=\"col-lg-3\">\r\n\t\t\t<div id=\"legend\" class=\"pull-right\">\r\n\t\t\t\t<div>\r\n\t\t\t\t\t<img ng-src=\"/static/experiments/continuousMatrix/img/LegendGrey.png\"/>\r\n\t\t\t\t\t<span>You</span>\r\n\t\t\t\t</div>\r\n\t\t\t\t<div>\r\n\t\t\t\t\t<img ng-src=\"/static/experiments/continuousMatrix/img/LegendBlack.png\"/>\r\n\t\t\t\t\t<span>Opponent</span>\r\n\t\t\t\t</div>\r\n\t\t\t</div>\r\n\t\t</div>\r\n\t</div>\r\n\t<div class=\"row\">\r\n\t\t<div class=\"col-lg-3\">\r\n\t\t\t<table id=\"input-matrix\" class=\"table table-bordered table-condensed\">\r\n\t\t\t\t<tr style=\"height:40px;\">\r\n\t\t\t\t\t<td></td>\r\n\t\t\t\t\t<td ng-class=\"{'selected': prevPartnerAction == 1}\">A</td>\r\n\t\t\t\t\t<td ng-class=\"{'selected': prevPartnerAction == 2}\">B</td>\r\n\t\t\t\t</tr>\r\n\t\t\t\t<tr style=\"height:40px;\">\r\n\t\t\t\t\t<td class=\"input-cell\" ng-class=\"{'selected': action == 1}\">\r\n\t\t\t\t\t\t<span class=\"disabled\" ng-hide=\"actionsEnabled\">A</span>\r\n\t\t\t\t\t\t<a ng-click=\"onAction(1)\" ng-show=\"actionsEnabled\" class=\"input-link\" href>A</a>\r\n\t\t\t\t\t</td>\r\n\t\t\t\t\t<td ng-class=\"{'selected': prevPartnerAction == 1 || action == 1, 'double-selected': prevPartnerAction == 1 && action == 1}\">\r\n\t\t\t\t\t\t<strong>{{matrix[0][0][0]}}</strong>, <span>{{matrix[0][0][1]}}</span>\r\n\t\t\t\t\t</td>\r\n\t\t\t\t\t<td ng-class=\"{'selected': prevPartnerAction == 2 || action == 1, 'double-selected': prevPartnerAction == 2 && action == 1}\">\r\n\t\t\t\t\t\t<strong>{{matrix[0][1][0]}}</strong>, <span>{{matrix[0][1][1]}}</span>\r\n\t\t\t\t\t</td>\r\n\t\t\t\t</tr>\r\n\t\t\t\t<tr style=\"height:40px;\">\r\n\t\t\t\t\t<td class=\"input-cell\" ng-class=\"{'selected': action == 2}\">\r\n\t\t\t\t\t\t<span class=\"disabled\" ng-hide=\"actionsEnabled\">B</span>\r\n\t\t\t\t\t\t<a ng-click=\"onAction(2)\" ng-show=\"actionsEnabled\" class=\"input-link\" href>B</a>\r\n\t\t\t\t\t</td>\r\n\t\t\t\t\t<td ng-class=\"{'selected': prevPartnerAction == 1 || action == 2, 'double-selected': prevPartnerAction == 1 && action == 2}\">\r\n\t\t\t\t\t\t<strong>{{matrix[1][0][0]}}</strong>, <span>{{matrix[1][0][1]}}</span>\r\n\t\t\t\t\t</td>\r\n\t\t\t\t\t<td ng-class=\"{'selected': prevPartnerAction == 2 || action == 2, 'double-selected': prevPartnerAction == 2 && action == 2}\">\r\n\t\t\t\t\t\t<strong>{{matrix[1][1][0]}}</strong>, <span>{{matrix[1][1][1]}}</span>\r\n\t\t\t\t\t</td>\r\n\t\t\t\t</tr>\r\n\t\t\t</table>\r\n\t\t\t<div>\r\n\t\t\t\t<span ng-show=\"inputCountdown\">{{inputCountdown | timeString}}</span>\r\n\t\t\t</div>\r\n\t\t\t<hr/>\r\n\t\t\t<div>\r\n\t\t\t\t<button ng-click=\"ready()\" ng-disabled=\"!readyEnabled\" class=\"btn btn-success\">Ready</button>\r\n\t\t\t</div>\r\n\t\t</div>\r\n\t\t<div class=\"col-lg-9\">\r\n\t\t\t<div>\r\n\t\t\t\t<div id=\"plot\" plot></div>\r\n\t\t\t</div>\r\n\t\t</div>\r\n\t</div>\r\n</div>\r\n\r\n\r\n</body>\r\n{% endverbatim %}\r\n</html>\r\n", "name": "Start", "css": "body {\r\n  padding-top: 60px;\r\n}\r\n\r\n.no-transition:hover{\r\n   -webkit-transition: none;\r\n   background-position: 0 0;\r\n }\r\n \r\n #input-matrix {\r\n   text-align: center;\r\n   vertical-align: middle !important;\r\n }\r\n \r\n #input-matrix > tbody > tr > td {\r\n   text-align: center;\r\n   vertical-align: middle !important;\r\n }\r\n \r\n .input-cell {\r\n   padding: 0 !important;\r\n   width: 80px;\r\n   font-weight:bold;\r\n }\r\n td.selected {\r\n   background-image: url('/static/experiments/continuousMatrix/img/InputShadingLight.png');\r\n }\r\n td.double-selected {\r\n   background-image: url('/static/experiments/continuousMatrix/img/InputShadingDark.png');\r\n }\r\n \r\n.input-link {\r\n  display: block;\r\n}\r\n.disabled {\r\n  color: grey;\r\n}\r\n\r\n#results-table > tbody > tr > th {\r\n  text-align: center;\r\n}\r\n\r\n#plot {\r\n  height:260px;\r\n}", "js": "Redwood.controller(\"SubjectCtrl\", [\"$rootScope\", \"$scope\", \"RedwoodSubject\", 'SynchronizedStopWatch', function($rootScope, $scope, rs, SynchronizedStopWatch) {\r\n\r\n  var CLOCK_FREQUENCY = 5;\r\n\r\n\trs.on_load(function() { //called once the page has loaded for a new sub period\r\n\r\n\t\trs.config.pairs.forEach(function(pair, index) { //decide who is the first player and who is the second player\r\n\t\t\tvar userIndex = pair.indexOf(parseInt(rs.user_id));\r\n\t\t\tif(userIndex > -1) {\r\n\t\t\t\t$scope.pair_index = index;\r\n\t\t\t\t$scope.user_index = userIndex;\r\n\t\t\t\t$scope.partner_id = pair[($scope.user_index + 1) % 2].toString();\r\n\t\t\t}\r\n\t\t});\r\n\r\n\t\t$scope.matrix = $scope.user_index === 0 ? rs.config.matrix : transpose(rs.config.matrix);\r\n\r\n\t\t$scope.yMax = $scope.matrix[0][0][0]; //Find the maximum reward value to set the y-axis on the plot\r\n\t\t$scope.matrix.forEach(function(row) {\r\n\t\t\trow.forEach(function(cell) {\r\n\t\t\t\tcell.forEach(function(value) {\r\n\t\t\t\t\t$scope.yMax = Math.max($scope.yMax, value);\r\n\t\t\t\t})\r\n\t\t\t})\r\n\t\t});\r\n\r\n\t\t$scope.clock = SynchronizedStopWatch.instance()\r\n\t\t\t.frequency(CLOCK_FREQUENCY).onTick(processTick)\r\n\t\t\t.duration(rs.config.period_length_s).onComplete(function() {\r\n\t\t\t\trs.trigger(\"simulation_complete\");\r\n\t\t\t});\r\n\r\n\t\tvar numSubPeriods = rs.config.num_sub_periods || (rs.config.period_length_s * CLOCK_FREQUENCY); //If this config value is zero there will be a subperiod every tick\r\n\t\t$scope.ticksPerSubPeriod = Math.max(Math.floor(rs.config.period_length_s * CLOCK_FREQUENCY / numSubPeriods), 1);\r\n\r\n\t\t$scope.rewards = [];\r\n\t\t$scope.opponentRewards = [];\r\n\r\n\t\t$scope.readyEnabled = true;\r\n\t});\r\n\r\n\t$scope.ready = function() {\r\n\t\t$scope.readyEnabled = false;\r\n\t\trs.trigger(\"ready\");\r\n\t};\r\n\r\n\trs.on(\"ready\", function(){ //event handler for ready button click\r\n\t\t$scope.readyEnabled = false;\r\n\t\trs.synchronizationBarrier('ready').then(function() {\r\n\r\n\t\t\tif(rs.config.initial_delay_s > 0) {\r\n\t\t\t\t$scope.tEnableInput = rs.config.initial_delay_s * CLOCK_FREQUENCY; //only enable input after the initial delay period specified in the config\r\n\t\t\t} else {\r\n\t\t\t\t$scope.actionsEnabled = true; //otherwise enable input immediately\r\n\t\t\t}\r\n\r\n\t\t\t$scope.action = rs.config.initial_actions[rs.user_id - 1]; //set actions to the initial actions specified in the config\r\n\t\t\t$scope.partnerAction = rs.config.initial_actions[$scope.partner_id - 1];\r\n\t\t\t$scope.prevPartnerAction = $scope.partnerAction;\r\n\r\n\t\t\t$scope.clock.start();\r\n\t\t});\r\n\t});\r\n\r\n\tvar processTick = function(tick){\r\n\r\n\t\t$scope.tick = tick;\r\n\r\n\t\tif(tick % $scope.ticksPerSubPeriod === 0) { //if this is the end of a sub period (in the \"continuous\" version, every tick is the end of a sub period)\r\n\r\n\t\t\tvar reward = $scope.matrix[$scope.action - 1][$scope.partnerAction - 1][0]; //allocate reward based on the current user actions and the matrix\r\n\t\t\t$scope.rewards.push(reward);\r\n\t\t\trs.add_points(reward * $scope.ticksPerSubPeriod / $scope.clock.getDurationInTicks()); //add the integral of the current reward value over the length of the subperiod\r\n\t\t\tvar opponentReward = $scope.matrix[$scope.action - 1][$scope.partnerAction - 1][1];\r\n\t\t\t$scope.opponentRewards.push(opponentReward);\r\n\r\n\t\t\t$scope.prevPartnerAction = $scope.partnerAction;\r\n\t\t}\r\n\r\n\t\tif($scope.tEnableInput) {\r\n\t\t\t$scope.inputCountdown = Math.ceil(($scope.tEnableInput - $scope.tick) / CLOCK_FREQUENCY);\r\n\t\t\tif(tick >= $scope.tEnableInput) {\r\n\t\t\t\t$scope.actionsEnabled = true;\r\n\t\t\t\t$scope.tEnableInput = 0;\r\n\t\t\t}\r\n\t\t}\r\n\r\n\t};\r\n\r\n\t$scope.onAction = function(action) {\r\n\t\tif(action !== $scope.action){ //only trigger action events when selection has actually changed\r\n\t\t\t$scope.action = action;\r\n\t\t\trs.trigger(\"action\", action);\r\n\t\t}\r\n\t};\r\n\r\n\trs.on(\"action\", function(value){ //triggered when the user changes their selection\r\n\t\t$scope.action = value;\r\n\t\tif(rs.config.action_cost > 0) { //subtract the action cost specified in the config\r\n\t\t\trs.add_points(-rs.config.action_cost);\r\n\t\t}\r\n\t\tif(rs.config.action_delay_s > 0) { //disable inputs for the action delay specified in the config\r\n\t\t\t$scope.tEnableInput = $scope.tick + (rs.config.action_delay_s * CLOCK_FREQUENCY);\r\n\t\t\t$scope.actionsEnabled = false;\r\n\t\t}\r\n\t});\r\n\r\n\trs.recv(\"action\", function(sender, value){ //receive other subjects actions\r\n\t\tif(sender === $scope.partner_id){ //if the other subject is the opponent, update their current action\r\n\t\t\t$scope.partnerAction = value;\r\n\t\t}\r\n\t});\r\n\r\n\trs.on(\"simulation_complete\", function(value) {\r\n\t\t$scope.actionsEnabled = false;\r\n\t\trs.next_period(5); //request the framework to advance to the next period\r\n\t});\r\n\r\n\tvar transpose = function(matrix) { //transpose a 2x2 matrix\r\n\t\tvar transposed = [[[], []], [[], []]];\r\n\t\tfor(var i = 0; i < 4; i++){\r\n\t\t\tvar row = Math.floor(i/2);\r\n\t\t\tvar column = i % 2;\r\n\t\t\ttransposed[column][row] = [matrix[row][column][1], matrix[row][column][0]];\r\n\t\t}\r\n\t\treturn transposed;\r\n\t};\r\n\r\n}]);\r\n\r\nRedwood.directive('plot', ['RedwoodSubject', function(rs) {\r\n\treturn {\r\n\t\tlink: function($scope, elem, attr) {\r\n\r\n\t\t\tvar plot = [], opponentPlot = [], subPeriods = [], loaded = false;\r\n\r\n\t\t\trs.on_load(function() {\r\n\t\t\t\tif($scope.ticksPerSubPeriod > 1){ //set up the sub period markers so they can be displayed on the plot\r\n\t\t\t\t\tvar subPeriod = 0;\r\n\t\t\t\t\tdo {\r\n\t\t\t\t\t\tsubPeriod += $scope.ticksPerSubPeriod;\r\n\t\t\t\t\t\tsubPeriods.push(subPeriod / $scope.clock.getDurationInTicks());\r\n\t\t\t\t\t} while(subPeriod < $scope.clock.getDurationInTicks());\r\n\t\t\t\t}\r\n\t\t\t\tloaded = true;\r\n\t\t\t\treplot();\r\n\t\t\t});\r\n\r\n\t\t\t$scope.$watch('tick', function(tick) {\r\n\t\t\t\tif(tick % $scope.ticksPerSubPeriod === 0) {\r\n\t\t\t\t\tplot.push([($scope.tick - $scope.ticksPerSubPeriod) / $scope.clock.getDurationInTicks(), $scope.rewards[$scope.rewards.length - 1]]);\r\n\t\t\t\t\tplot.push([$scope.tick / $scope.clock.getDurationInTicks(), $scope.rewards[$scope.rewards.length - 1]]);\r\n\t\t\t\t\topponentPlot.push([($scope.tick - $scope.ticksPerSubPeriod) / $scope.clock.getDurationInTicks(), $scope.opponentRewards[$scope.opponentRewards.length - 1]]);\r\n\t\t\t\t\topponentPlot.push([$scope.tick / $scope.clock.getDurationInTicks(), $scope.opponentRewards[$scope.opponentRewards.length - 1]]);\r\n\t\t\t\t\treplot();\r\n\t\t\t\t}\r\n\t\t\t\treplot();\r\n\t\t\t}, true);\r\n\r\n\t\t\tfunction replot() {\r\n\r\n\t\t\t\tif(!loaded) return;\r\n\r\n\t\t\t\tvar xRange = 1;\r\n\t\t\t\tvar opts = {\r\n\t\t\t\t\txaxis: { tickLength: 0, min: 0, max: xRange },\r\n\t\t\t\t\tyaxis: { tickLength: 0, min: 0, max: $scope.yMax + ($scope.yMax * 0.2) },\r\n\t\t\t\t\tseries: { shadowSize: 0 }\r\n\t\t\t\t};\r\n\t\t\t\tvar dataset = [];\r\n\t\t\t\tfor(var p = 0; p < subPeriods.length; p++){ //mark each sub-period with a vertical red line\r\n\t\t\t\t\tdataset.push({\r\n\t\t\t\t\t\tdata: [\r\n\t\t\t\t\t\t\t[subPeriods[p], opts.yaxis.min],\r\n\t\t\t\t\t\t\t[subPeriods[p], opts.yaxis.max]\r\n\t\t\t\t\t\t],\r\n\t\t\t\t\t\tlines: { lineWidth: 1 },\r\n\t\t\t\t\t\tcolor: \"red\"\r\n\t\t\t\t\t});\r\n\t\t\t\t}\r\n\t\t\t\tdataset.push({ //plot your rewards as a grey integral\r\n\t\t\t\t\tdata: plot,\r\n\t\t\t\t\tlines: { fill: true, lineWidth: 0, fillColor: \"grey\" },\r\n\t\t\t\t\tcolor: \"grey\"\r\n\t\t\t\t});\r\n\t\t\t\tdataset.push({ //plot your opponent's rewards as a black line\r\n\t\t\t\t\tdata: opponentPlot,\r\n\t\t\t\t\tlines: { lineWidth: 2 },\r\n\t\t\t\t\tcolor: \"black\"\r\n\t\t\t\t});\r\n\r\n\t\t\t\tdataset.push({ //display the current time indicator as a vertical grey line\r\n\t\t\t\t\tdata: [\r\n\t\t\t\t\t\t[$scope.tick / $scope.clock.getDurationInTicks(), opts.yaxis.min],\r\n\t\t\t\t\t\t[$scope.tick / $scope.clock.getDurationInTicks(), opts.yaxis.max]\r\n\t\t\t\t\t],\r\n\t\t\t\t\tcolor: \"grey\"\r\n\t\t\t\t});\r\n\r\n\t\t\t\t$.plot(elem, dataset, opts);\r\n\t\t\t}\r\n\t\t}\r\n\t}\r\n}]);"}}, {"pk": 76, "model": "expecon.page", "fields": {"experiment": 23, "html": "{% load verbatim %}\r\n<!DOCTYPE HTML>\r\n<html ng-app=\"Redwood\">\r\n<head>\r\n  <title>Finish</title>\r\n  <script type=\"text/javascript\" src=\"{{ STATIC_URL }}framework/js/lib/jquery/jquery.min.js\"></script>\r\n  <script type=\"text/javascript\" src=\"{{ STATIC_URL }}framework/js/lib/bootstrap/bootstrap-3.1.1.min.js\"></script>\r\n  <script type=\"text/javascript\" src=\"{{ STATIC_URL }}framework/js/lib/angular/angular-1.2.16.js\"></script>\r\n  <script type=\"text/javascript\" src=\"{{ STATIC_URL }}framework/js/redwoodCore.js\"></script>\r\n\t<script type=\"text/javascript\" src=\"{{ STATIC_URL }}framework/js/redwoodHelpers.js\"></script>\r\n\t<script type=\"text/javascript\" src=\"{{ STATIC_URL }}framework/js/redwoodSubject.js\"></script>\r\n\t<link type=\"text/css\" rel=\"stylesheet\" href=\"{{ STATIC_URL }}framework/css/bootstrap-3.1.1.min.css\"></link>\r\n  <script type=\"text/javascript\">\r\n\t\t{{ js }}\r\n\t</script>\r\n\t<style type=\"text/css\">\r\n\t\t{{ css }}\r\n\t</style>\r\n</head>\r\n{% verbatim %}\r\n<body ng-controller=\"SubjectCtrl\" style=\"padding-top:60px;\">\r\n\t\r\n\t<div class=\"navbar navbar-fixed-top container\">\r\n  <div class=\"navbar navbar-default\" style=\"margin-bottom: 0;\">\r\n\t\t<div class=\"navbar-brand\" href=\"#\">Economics Experiment</div>\r\n\t\t<ul class=\"nav navbar-nav\">\r\n\t\t\t<li class=\"active\">\r\n\t\t\t\t<a>User ID: <span>{{$root.user_id}}</span></a>\r\n\t\t\t</li>\r\n\t\t</ul>\r\n\t</div>\r\n</div>\r\n\t\r\n\t<div class=\"container\">\r\n\t\t<table class=\"table table-bordered table-condensed\">\r\n\t\t\t<thead>\r\n\t\t\t\t<tr><th>Period</th><th>Points</th><th>Earnings</th></tr>\r\n\t\t\t</thead>\r\n\t\t\t<tbody id=\"results\">\r\n\t\t\t  <tr ng-repeat=\"points in pointsByPeriod track by $index\">\r\n          <td>{{$index + 1}}</td><td>{{points | number:2}}</td><td>${{points | number:2}}</td>\r\n        </tr>\r\n        <tr class=\"warning\">\r\n          <td>Average:</td><td>{{$root.totalPoints / ($root.period - 1) | number:2}}</td><td>${{$root.totalPoints / ($root.period - 1) | number:2}}</td>\r\n        </tr>\r\n        <tr class=\"success\">\r\n          <td>Total:</td><td>{{$root.totalPoints | number:2}}</td><td>${{$root.totalPoints | number:2}}</td>\r\n        </tr>\r\n\t\t\t</tbody>\r\n\t\t</table>\r\n\t</div>\r\n</body>\r\n{% endverbatim %}\r\n</html>\r\n", "name": "Finish", "css": "body {\r\n  padding-top: 60px;\r\n}\r\n\r\n", "js": "Redwood.controller(\"SubjectCtrl\", [\"$rootScope\", \"$scope\", \"RedwoodSubject\", function($rootScope, $scope, rs) {\r\n\r\n  rs.on_load(function() {\r\n  \t$scope.pointsByPeriod = rs.subject[rs.user_id].points_by_period();\r\n    $scope.pointsByPeriod.shift();\r\n\t});\r\n\r\n}]);"}}]