[{"pk": 7, "model": "expecon.experiment", "fields": {"name": "Ultimatum", "admin_css": ".dummy {\r\n  \r\n}\r\n", "comments": "", "experimenter": 1, "admin_html": "<!DOCTYPE HTML>\r\n<html>\r\n<head>\r\n  <title>Ultimatum Game</title>\r\n\t<script type=\"text/javascript\" src=\"{{ STATIC_URL }}js/jquery.min.js\"></script>\r\n\t<script type=\"text/javascript\" src=\"{{ STATIC_URL }}js/jquery.cookie.js\"></script>\r\n\t<script type=\"text/javascript\" src=\"{{ STATIC_URL }}js/redwood2.js\"></script>\r\n\t<script type=\"text/javascript\" src=\"{{ STATIC_URL }}js/redwood2_helpers.js\"></script>\r\n\t<script type=\"text/javascript\" src=\"{{ STATIC_URL }}js/redwood2_admin.js\"></script>\r\n\t<link type=\"text/css\" rel=\"stylesheet\" href=\"{{ STATIC_URL }}css/bootstrap.min.css\"></link>\r\n\t<script type=\"text/javascript\">\r\n\t\t{{ js }}\r\n\t</script>\r\n\t<style type=\"text/css\">\r\n\t\t{{ css }}\r\n\t</style>\r\n</head>\r\n<body style=\"padding-top:60px;\">\r\n\t\r\n\t<div class=\"navbar navbar-fixed-top container\">\r\n\t\t<div class=\"navbar-inner\">\r\n\t\t\t<div class=\"container-fluid\">\r\n\t\t\t\t<div class=\"brand\" href=\"#\">Interactive Decision Making Experiment</div>\r\n\t\t\t\t<div class=\"nav-collapse collapse\">\r\n\t\t\t\t\t<p class=\"navbar-text pull-right\">Administrator</p>\r\n\t\t\t\t</div>\r\n\t\t\t</div>\r\n\t\t</div>\r\n\t</div>\r\n\t\r\n\t<div class=\"container\">\r\n\t\t<div class=\"row\">\r\n\t\t\t<div class=\"span3\">\r\n\t\t\t\t<div class=\"row\">\r\n\t\t\t\t\t<div class=\"span3\">\r\n\t\t\t\t\t\t<div class=\"well sidebar-nav\">\r\n\t\t\t\t\t\t\t<ul class=\"nav nav-list\">\r\n\t\t\t\t\t\t\t\t<li><span id=\"router-status\" class=\"badge badge-important\"></span></li>\r\n\t\t\t\t\t\t\t</ul>\r\n\t\t\t\t\t\t</div>\r\n\t\t\t\t\t</div>\r\n\t\t\t\t</div>\r\n\t\t\t\t<div class=\"row\">\r\n\t\t\t\t\t<div class=\"span3\">\r\n\t\t\t\t\t\t<div class=\"well sidebar-nav\">\r\n\t\t\t\t\t\t\t<ul class=\"nav nav-list\">\r\n\t\t\t\t\t\t\t\t<li><a href=\"admin/payouts\" target=\"_blank\">View Payouts</a></li>\r\n\t\t\t\t\t\t\t\t<li><a id=\"archive\" href=\"#\">Archive Session</a></li>\r\n\t\t\t\t\t\t\t\t<li><a id=\"download\" href=\"admin/download\">Download Data</a></li>\r\n\t\t\t\t\t\t\t</ul>\r\n\t\t\t\t\t\t</div>\r\n\t\t\t\t\t</div>\r\n\t\t\t\t</div>\r\n\t\t\t</div>\r\n\t\t\t<div class=\"span9\">\r\n\t\t\t\t<p>Subjects:</p>\r\n\t\t\t\t<table class=\"table table-bordered table-condensed table-striped\">\r\n\t\t\t\t\t<thead>\r\n\t\t\t\t\t\t<tr><th>ID</th><th>Group</th><th>Period</th></tr>\r\n\t\t\t\t\t</thead>\r\n\t\t\t\t\t<tbody id=\"subject-list\">\r\n\t\t\t\t\t</tbody>\r\n\t\t\t\t</table>\r\n\t\t\t\t<button id=\"start-session\" class=\"btn btn-primary\">Start Session</button>\r\n\t\t\t\t<button id=\"reset-session\" class=\"btn btn-danger\">Reset Session</button>\r\n\t\t\t</div>\r\n\t\t</div>\r\n\t\t<div class=\"row\">\r\n\t\t\t<div class=\"span12\">\r\n\t\t\t\t<hr/>\r\n\t\t\t\t<p>Configuration:</p>\r\n\t\t\t\t<input type=\"file\" data-load-config />\r\n\t\t\t\t<table class=\"config table table-bordered table-striped table-condensed\"></table>\r\n\t\t\t</div>\r\n\t\t</div>\r\n\t</div>\r\n\r\n</body>\r\n</html>\r\n", "admin_js": "var ROLE = {\r\n  P: 0,\r\n\tR: 1\r\n};\r\n\r\nvar state = {};\r\n\r\nfunction resetGroups() {\r\n\tif (ra.subjects.length === 0 || Object.size(ra.configs[0]) === 0) {\r\n\t\treturn;\r\n\t}\r\n\tfor(i = 0, l = ra.subjects.length; i < l; i++) { //Assign all players to group 1 so that they can be matched according to the config each period.\r\n\t\tra.set_group(1, ra.subjects[i]);\r\n\t}\r\n}\r\n\r\nvar ra = RedwoodAdmin; //create an alias for RedwoodSubject\r\n\r\nra.create = function() {\r\n\r\n\t$(\"#start-session\").click(function () {\r\n\t\tra.trigger(\"start_session\");\r\n\t});\r\n\t\r\n\tra.on(\"start_session\", function() {\r\n\t\t$(\"#start-session\").attr(\"disabled\", \"disabled\");\r\n\t\tvar answer = ra.configs[0].num_circles;//Math.round(Math.random() * 100 + 50);\r\n\t\tra.trigger(\"answer\", answer);\r\n\t\tstate.estimates = {};\r\n\t\tra.start_session();\r\n\t});\r\n\t\r\n\tra.on(\"answer\", function(value) {\r\n\t\tstate.answer = value;\r\n\t});\r\n\t\r\n\t$(\"#reset-session\").click(function () {\r\n\t\tra.trigger(\"__reset__\");\r\n\t});\r\n\r\n\t$(\"#archive\").click(function () {\r\n\t\tvar r = confirm(\"Are you sure you want to archive this session?\");\r\n\t\tif(r == true) {\r\n\t\t\t$.post(\"admin/archive\");\r\n\t\t\tra.trigger(\"__delete__\");\r\n\t\t}\r\n\t});\r\n\r\n\t\r\n\tra.on_router_connected(function(connected) { //Display router connection status\r\n\t\tvar status = $(\"#router-status\");\r\n\t\tif (connected) {\r\n\t\t\tstatus.text(\"Router Connected\");\r\n\t\t\tstatus.removeClass(\"badge-important\");\r\n\t\t\tstatus.addClass(\"badge-success\");\r\n\t\t} else {\r\n\t\t\tstatus.text(\"Router Disconnected\");\r\n\t\t\tstatus.removeClass(\"badge-success\");\r\n\t\t\tstatus.addClass(\"badge-important\");\r\n\t\t}\r\n\t});\r\n\t\r\n\tra.on_set_period(function(user, period) {\r\n\t\t$(\"tr.subject-\" + user + \" :nth-child(3)\").text(period); //Display current period for each user\r\n\t});\r\n\t\r\n\tra.on_load(function () {\r\n\t\tresetGroups(); //Assign groups to users\r\n\t});\r\n\t\r\n\tra.on_set_group(function(user, group) {\r\n\t\t$(\"tr.subject-\" + user + \" :nth-child(2)\").text(group); //Display group for each user\r\n\t});\r\n\r\n\tra.on_register(function(user) { //Add a row to the table to each user\r\n\t\t$(\"#subject-list\").empty();\r\n\t\tvar html = \"\";\r\n\t\tfor(var i = 0, l = ra.subjects.length; i < l; i++) {\r\n\t\t\t$(\"#subject-list\").append($(\"<tr>\").addClass(\"subject-\" + ra.subjects[i]).append(\r\n\t\t\t$(\"<td>\").text(ra.subjects[i]).after(\r\n\t\t\t$(\"<td>\").text(0).after(\r\n\t\t\t$(\"<td>\").text(0)))));\r\n\t\t}\r\n\t\tresetGroups();\r\n\t});\r\n\r\n\tra.on_set_config(function(config) { //Display the config file\r\n\t\t$(\"table.config\").empty();\r\n\t\tvar a = $.csv.toArrays(config);\r\n\t\tfor (var i = 0; i < a.length; i++) {\r\n\t\t\tvar row = a[i];\r\n\t\t\tvar tr = $(\"<tr>\");\r\n\t\t\tfor (var j = 0; j < row.length; j++) {\r\n\t\t\t\tvar cell = row[j];\r\n\t\t\t\tvar td = $((i == 0 ? \"<th>\" : \"<td>\")).text(cell);\r\n\t\t\t\ttr.append(td);\r\n\t\t\t}\r\n\t\t\t$(\"table.config\").append(tr);\r\n\t\t}\r\n\t});\r\n\t\r\n\tra.recv(\"estimation\", function(sender, value) {\r\n\t\tstate.estimates[sender] = value;\r\n\t\tif(!ra.subjects.firstWhere(function() {\r\n\t\t\t\t\treturn isNullOrUndefined(state.estimates[this]);\r\n\t\t\t\t})) {\r\n\t\t\tra.trigger(\"assign_roles\");\r\n\t\t}\r\n\t});\r\n\t\r\n\tra.on(\"assign_roles\", function() {\r\n\t\tstate.roles = {};\r\n\t\tvar subjects = [];\r\n\t\tfor(var i = 0, l = ra.subjects.length; i < l; i++) {\r\n\t\t\tsubjects.push(ra.subjects[i]);\r\n\t\t}\r\n\t\tsubjects.sort(function(a,b) {\r\n\t\t\treturn Math.abs(state.answer - state.estimates[a]) - Math.abs(state.answer - state.estimates[b]);\r\n\t\t});\r\n\t\tvar remainders = subjects.length % 2;\r\n\t\tremainders += (((subjects.length - remainders) / 2) % ra.configs[0].k) * 2;\r\n\t\tfor(var i = 0, l = (subjects.length - remainders); i < l; i++) {\r\n\t\t\tra.set(subjects[i], \"rank\", i);\r\n\t\t\tif(i < l/2) {\r\n\t\t\t\tra.set(subjects[i], \"role\", ROLE.P);\r\n\t\t\t} else {\r\n\t\t\t\tra.set(subjects[i], \"role\", ROLE.R);\r\n\t\t\t}\r\n\t\t}\r\n\t\tfor(var j = i, l = subjects.length; j < l; j++) {\r\n\t\t\tra.set_group(2, subjects[j]);\r\n\t\t\tra.__send__(\"excluded\", true, subjects[j], 0, 2);\r\n\t\t\t//ra.__send__(\"__set_points__\", true, subjects[j], 0, 2);\r\n\t\t\t//ra.set_period(ra.configs.length + 1, subjects[j])\r\n\t\t}\r\n\t\tra.trigger(\"roles_assigned\"); \r\n\t});\r\n};", "rt_js": ""}}, {"pk": 20, "model": "expecon.page", "fields": {"experiment": 7, "html": "<!DOCTYPE HTML>\r\n<html>\r\n<head>\r\n  <title>Wait</title>\r\n\t<script type=\"text/javascript\" src=\"{{ STATIC_URL }}js/jquery.min.js\"></script>\r\n\t<script type=\"text/javascript\" src=\"{{ STATIC_URL }}flot/jquery.flot.js\"></script>\r\n\t<script type=\"text/javascript\" src=\"{{ STATIC_URL }}flot/jquery.flot.dashes.js\"></script>\r\n\t<script type=\"text/javascript\" src=\"{{ STATIC_URL }}js/jquery-ui-1.10.3.custom.js\"></script>\r\n\t<script type=\"text/javascript\" src=\"{{ STATIC_URL }}js/redwood2.js\"></script>\r\n\t<script type=\"text/javascript\" src=\"{{ STATIC_URL }}js/redwood2_helpers.js\"></script>\r\n\t<script type=\"text/javascript\" src=\"{{ STATIC_URL }}js/redwood2_subject.js\"></script>\r\n\t<link type=\"text/css\" rel=\"stylesheet\" href=\"{{ STATIC_URL }}css/bootstrap.min.css\"></link>\r\n\t<link type=\"text/css\" rel=\"stylesheet\" href=\"{{ STATIC_URL }}css/ui-lightness/jquery-ui-1.10.3.custom.css\"></link>\r\n\t<script type=\"text/javascript\">\r\n\t\tvar IMAGE_URL = \"{{ STATIC_URL }}/img/Ultimatum\";\r\n\t\t{{ js }}\r\n\t</script>\r\n\t<style type=\"text/css\">\r\n\t\t{{ css }}\r\n\t</style>\r\n</head>\r\n<body style=\"padding-top:60px;\">\r\n\t\r\n\t<div class=\"navbar navbar-fixed-top container\">\r\n\t\t<div class=\"navbar-inner\">\r\n\t\t\t<div class=\"container-fluid\">\r\n\t\t\t\t<div class=\"brand\" href=\"#\">Interactive Decision Making Experiment</div>\r\n\t\t\t\t<div class=\"nav-collapse collapse\">\r\n\t\t\t\t\t<p class=\"navbar-text pull-right\">\r\n\t\t\t\t\t\tUser ID: <span id=\"user-id\" class=\"navbar-link\"></span>\r\n\t\t\t\t\t</p>\r\n\t\t\t\t</div>\r\n\t\t\t</div>\r\n\t\t</div>\r\n\t</div>\r\n\t\r\n\t<div class=\"container\">\r\n\t\t<div class=\"row\">\r\n\t\t\t<div class=\"span12\">\r\n\t\t\t\t<div id=\"image-container\" style=\"display:none;\"></div>\r\n\t\t\t</div>\r\n\t\t</div>\r\n\t\t<div class=\"row\">\r\n\t\t\t<div class=\"span12\">\r\n\t\t\t\t<div id=\"waiting\">Waiting for experiment to start...</div>\r\n\t\t\t\t<div id=\"intro\" style=\"display:none;\">\r\n\t\t\t\t\t<p>Welcome to the experiment!</p>\r\n\t\t\t\t\t<p style=\"font-weight:bold;\">Please read these instructions before you continue</p>\r\n\t\t\t\t\t<p>\r\n\t\t\t\t\t<ul>\r\n\t\t\t\t\t\t<li>You must have registered at ORSEE before you login and participate in this experiment. If you haven't done that, please\r\n\t\t\t\t\t\tcontact the experimenter.</li>\r\n\t\t\t\t\t\t<li>Please do not use your browser's BACK, FORWARD or REFRESH/RELOAD buttons during the experiment. If you encounter a\r\n\t\t\t\t\t\ttechnical difficulty please contact the experimenter.</li>\r\n\t\t\t\t\t\t<li>If you have any questions, please raise your hand and one of the experimenters will approach you <strong>privately.</strong></li>\r\n\t\t\t\t\t</ul></p>\r\n\t\t\t\t\t<p><strong>Procedure:</strong></p>\r\n\t\t\t\t\t<p>When you start the experiment (by clicking Ready below) you will first participate in a visual perception contest.\r\n\t\t\t\t\tThe top half (approximately) of participants that perform better in the contest will be assigned to be Proposers and the\r\n\t\t\t\t\tremaining half (approximately) will be assigned to be Responders. If you have performed poorly in the contest, you\r\n\t\t\t\t\tmight not continue to the second part of the experiment at all (depending on the number of participants in your session).</p>\r\n\t\t\t\t\t<p>If you become a Proposer you will receive a $<span name=\"$P\"></span> base payment and earn the right to make offers of the sort:\r\n\t\t\t\t\tHow much of an additional $<span name=\"maxX\"></span> bonus, would you like to offer an anonymous Responder?\r\n\t\t\t\t\tYou are free to decide on the offers: they could be identical or different - it is totally up to you.\r\n\t\t\t\t\tEach offer must be a value between $<span name=\"minX\"></span> and $<span name=\"maxX\"></span>.</p>\r\n\t\t\t\t\t<p>If you become a Responder you will receive a $<span name=\"$R\"></span> base payment and will then receive several offers from different anonymous Proposers.\r\n\t\t\t\t\tFor each offer you will have the choice to ACCEPT or REJECT.</p>\r\n\t\t\t\t\t<p>The offering process is divided into <span name=\"k\"></span> rounds and several offers will be made to different anonymous Responders each round.\r\n\t\t\t\t\tAfter all rounds are complete, each Proposer will have interacted with each Responder exactly once. During each round the Proposer will receive feedback\r\n\t\t\t\t\ton whether each offer was accepted or rejected and can use this information to influence their offers in the next round.</p>\r\n\t\t\t\t\t<p><strong>Payment:</strong></p>\r\n\t\t\t\t\t<p>Each participant will receive their base payment plus a possible bonus of between <span name=\"minX\"></span> and <span name=\"maxX\"></span> dollars.\r\n\t\t\t\t\tIn order to calculate the bonus, a single offer from a single round will be randomly selected.\r\n\t\t\t\t\tLet the value of this offer be $X. If the offer was accepted then the Proposer will receive a bonus of <span name=\"maxX\"></span>-X dollars\r\n\t\t\t\t\tand the Responder will receive a bonus of X dollars. However, if the offer was rejected, then neither the Proposer nor the Responder will receive any bonus.\r\n\t\t\t\t\tIn other words: each participant will receive a bonus (in addition to the base payment) according to only one of the offers (s)he made or received\r\n\t\t\t\t\tand only if that particular offer was accepted.</p>\r\n\t\t\t\t\t<p><strong>Anonymity:</strong></p>\r\n\t\t\t\t\t<p>Every effort is being made to guarantee that your identity and choice remain confidential: participants do not know the roles of\r\n\t\t\t\t\tother participants and have no way to identify an offer with Proposer or a acceptance/rejection with a Responder. Furthermore, the\r\n\t\t\t\t\tpayment will be prepared in sealed envelopes by another experimenter who cannot identify the participants in the experiment.</p>\r\n\t\t\t\t\t<hr/>\r\n\t\t\t\t\t<p><strong>Estimation Game:</strong></p>\r\n\t\t\t\t\t<p>When you click the \"Ready\" button on this page, you will see a plot that looks like the one shown below. </p>\r\n\t\t\t\t\t<img src='{{ STATIC_URL }}/img/Ultimatum/plot.png'></img>\r\n\t\t\t\t\t<p>As you can see, there are 10 circles scattered within the box. On the next picture there will be many more circles.\r\n\t\t\t\t\tYour job will be to guess how many there are in the picture that follows. The catch is you will only have 5 seconds to see the box.\r\n\t\t\t\t\tThose whose guesses are closest to the correct number of circles will earn the right to become Proposers.</p>\r\n\t\t\t\t\t<button id=\"ready-button\" class='btn btn-success' onclick='javascript:Display.ready();'>Ready</button>\r\n\t\t\t\t</div>\r\n\t\t\t\t\r\n\t\t\t\t\r\n\t\t\t\t<div id=\"layout\" class=\"row\" style=\"display:none;\">\r\n\t\t\t\t\t<div class=\"span3\">\r\n\t\t\t\t\t\t<div class=\"well sidebar-nav\">\r\n\t\t\t\t\t\t\t<ul class=\"nav nav-list\">\r\n\t\t\t\t\t\t\t\t<li>Estimation Game</li>\r\n\t\t\t\t\t\t\t</ul>\r\n\t\t\t\t\t\t</div>\r\n\t\t\t\t\t</div>\r\n\t\t\t\t\t<div class=\"span9\">\r\n\t\t\t\t\t\t<div id=\"answer-display\" style=\"display:none;\">\r\n\t\t\t\t\t\t\t<div id=\"plot\" style=\"width:600px; height:400px;\"></div>\r\n\t\t\t\t\t\t</div>\r\n\t\t\t\t\t\t<div id=\"estimation\" style=\"display:none;\">\r\n\t\t\t\t\t\t\t<div>\r\n\t\t\t\t\t\t\t\t<label for=\"estimate\">Answer: </label><input id=\"estimate\"/>\r\n\t\t\t\t\t\t\t\t<button id=\"submit-button\" class='btn btn-success' onclick='javascript:Display.submit();'>Submit</button>\r\n\t\t\t\t\t\t\t</div>\r\n\t\t\t\t\t\t</div>\r\n\t\t\t\t\t</div>\r\n\t\t\t\t</div>\r\n\t\t\t</div>\r\n\t\t</div>\r\n\t</div>\r\n</body>\r\n</html>\r\n", "name": "Wait", "css": ".dummy {\r\n  \r\n}\r\n", "js": "var ROLE = {\r\n  P: 0,\r\n\tR: 1\r\n};\r\n\r\nvar rs = RedwoodSubject; //create an alias for RedwoodSubject\r\n\r\nvar state = {}; //State object\r\n\r\nvar Display = { //Display controller\r\n\r\n\tinitialize: function() {\r\n\t\t\r\n\t\tif(!rs.configs[0].showR) {\r\n\t\t\t$(\"[name='$R']\").text(\"R\");\r\n\t\t}\r\n\t\tif(!rs.configs[0].showP) {\r\n\t\t\t$(\"[name='$P']\").text(\"P\");\r\n\t\t}\r\n\t\tfor(var key in rs.configs[0]) {\r\n\t\t\tif(typeof rs.configs[0][key] == \"string\" || typeof rs.configs[0][key] == \"number\") {\r\n\t\t\t\tif($(\"[name='\" + key + \"']\").text() == \"\") {\r\n\t\t\t\t\t$(\"[name='\" + key + \"']\").text(rs.configs[0][key]);\r\n\t\t\t\t}\r\n\t\t\t}\r\n\t\t}\r\n\t\t\r\n\t\t$(\"#user-id\").text(rs.user_id);\r\n\t\t$(\"#waiting\").hide();\r\n\t\t$(\"#intro\").show();\r\n\t\t\r\n\t\trs.on(\"ready\", function() {\r\n\t\t\t$(\"#intro\").hide();\r\n\t\t\t$(\"#layout\").show();\r\n\t\t\t$(\"#answer-display\").show();\r\n\t\t\t$(\"#answer\").text(state.answer);\r\n\t\t\tDisplay.drawPlot();\r\n\t\t\trs.schedule(function() {\r\n\t\t\t\trs.trigger(\"hide_answer\");\r\n\t\t\t}, 5000);\r\n\t\t});\r\n\t\t\r\n\t\trs.on(\"hide_answer\", function() {\r\n\t\t\t$(\"#answer-display\").hide();\r\n\t\t\t$(\"#estimation\").show();\r\n\t\t});\r\n\t\t\r\n\t\trs.on(\"submit\", function(value) {\r\n\t\t\t$(\"#submit-button\").attr(\"disabled\", \"disabled\");\r\n\t\t\t$(\"#estimation\").append('<span class=\"label label-info\">Waiting for other players...</span>');\r\n\t\t});\r\n\t\t\r\n\t},\r\n\t\r\n\tready: function() {\r\n\t\trs.trigger(\"ready\");\r\n\t},\r\n\t\r\n\tsubmit: function() {\r\n\t\tvar intRegex = /^\\d+$/;\r\n\t\tif(intRegex.test($(\"#estimate\").val())) {\r\n\t\t\trs.trigger(\"submit\", parseInt($(\"#estimate\").val()));\r\n\t\t} else {\r\n\t\t\talert(\"Please enter a positive integer\");\r\n\t\t}\r\n\t},\r\n\t\r\n\tdrawPlot: function() {\r\n\t\tvar opts = {\r\n\t\t\txaxis: { show: false, min: 0, max: 1 },\r\n\t\t\tyaxis: { show: false, min: 0, max: 1 }\r\n\t\t};\r\n\t\t\r\n\t\tvar data = [];\r\n\t\tfor(var i = 0, l = state.answer; i < l; i++) {\r\n\t\t\tdata.push([Math.random(), Math.random()]);\r\n\t\t}\r\n\t\t\r\n\t\tvar dataset = [];\r\n\t\tdataset.push({\r\n\t\t\tdata: data, //plot account\r\n\t\t\tlines: { show: false },\r\n\t\t\tpoints: { show: true },\r\n\t\t\thoverable: false\r\n\t\t});\r\n\t\t\r\n\t\t$.plot(\"#plot\", dataset, opts);\r\n\t}\r\n};\r\n\r\n\r\nrs.create = function() {\r\n\r\n\trs.on_load(function() { //called once the page has loaded for a new sub period\r\n\t\tDisplay.initialize();\r\n\t});\r\n\t\r\n\trs.recv(\"answer\", function(sender, value) {\r\n\t\tstate.answer = value;\r\n\t});\r\n\t\r\n\trs.on(\"submit\", function(value) {\r\n\t\trs.send(\"estimation\", value);\r\n\t});\r\n\t\r\n\trs.recv(\"roles_assigned\", function() {\r\n\t\trs.next_period();\r\n\t});\r\n};"}}, {"pk": 21, "model": "expecon.page", "fields": {"experiment": 7, "html": "<!DOCTYPE HTML>\r\n<html>\r\n<head>\r\n  <title>Start</title>\r\n\t<script type=\"text/javascript\" src=\"{{ STATIC_URL }}js/jquery.min.js\"></script>\r\n\t<script type=\"text/javascript\" src=\"{{ STATIC_URL }}flot/jquery.flot.js\"></script>\r\n\t<script type=\"text/javascript\" src=\"{{ STATIC_URL }}flot/jquery.flot.dashes.js\"></script>\r\n\t<script type=\"text/javascript\" src=\"{{ STATIC_URL }}js/jquery-ui-1.10.3.custom.js\"></script>\r\n\t<script type=\"text/javascript\" src=\"{{ STATIC_URL }}js/redwood2.js\"></script>\r\n\t<script type=\"text/javascript\" src=\"{{ STATIC_URL }}js/redwood2_helpers.js\"></script>\r\n\t<script type=\"text/javascript\" src=\"{{ STATIC_URL }}js/redwood2_subject.js\"></script>\r\n\t<link type=\"text/css\" rel=\"stylesheet\" href=\"{{ STATIC_URL }}css/bootstrap.min.css\"></link>\r\n\t<link type=\"text/css\" rel=\"stylesheet\" href=\"{{ STATIC_URL }}css/ui-lightness/jquery-ui-1.10.3.custom.css\"></link>\r\n\t<script type=\"text/javascript\">\r\n\t\tvar IMAGE_URL = \"{{ STATIC_URL }}/img/Ultimatum\";\r\n\t\t{{ js }}\r\n\t</script>\r\n\t<style type=\"text/css\">\r\n\t\t{{ css }}\r\n\t</style>\r\n</head>\r\n<body style=\"padding-top:60px;\">\r\n\t\r\n\t<div class=\"navbar navbar-fixed-top container\">\r\n\t\t<div class=\"navbar-inner\">\r\n\t\t\t<div class=\"container-fluid\">\r\n\t\t\t\t<div class=\"brand\" href=\"#\">Interactive Decision Making Experiment</div>\r\n\t\t\t\t<div class=\"nav-collapse collapse\">\r\n\t\t\t\t\t<p class=\"navbar-text pull-right\">\r\n\t\t\t\t\t\tUser ID: <span id=\"user-id\" class=\"navbar-link\"></span>\r\n\t\t\t\t\t</p>\r\n\t\t\t\t</div>\r\n\t\t\t</div>\r\n\t\t</div>\r\n\t</div>\r\n\t\r\n\t<div class=\"container\">\r\n\t\t<div class=\"row\">\r\n\t\t\t<div class=\"span3\">\r\n\t\t\t\t<div class=\"well sidebar-nav\">\r\n\t\t\t\t\t<ul class=\"nav nav-list\">\r\n\t\t\t\t\t\t<li>Round:<span id=\"round\" class=\"pull-right\"></span></li>\r\n\t\t\t\t\t\t<li>&nbsp</li>\r\n\t\t\t\t\t\t<li>Base Payments</li>\r\n\t\t\t\t\t\t<li>You:<span id=\"your-base-pay\" class=\"pull-right\"></span></li>\r\n\t\t\t\t\t\t<li><span id=\"other-name\"></span>:<span id=\"other-base-pay\" class=\"pull-right\"></span></li>\r\n\t\t\t\t\t\t<li>&nbsp</li>\r\n\t\t\t\t\t\t<li>Min Offer:<span id=\"min-x\" class=\"pull-right\"></span></li>\r\n\t\t\t\t\t\t<li>Max Offer:<span id=\"max-x\" class=\"pull-right\"></span></li>\r\n\t\t\t\t\t</ul>\r\n\t\t\t\t</div>\r\n\t\t\t</div>\r\n\t\t\t<div class=\"span9\">\r\n\t\t\t\t<div class=\"row\">\r\n\t\t\t\t\t<div class=\"span9\">\r\n\t\t\t\t\t\t<p>Responses:</p>\r\n\t\t\t\t\t\t<table class=\"table table-bordered table-condensed\">\r\n\t\t\t\t\t\t\t<thead>\r\n\t\t\t\t\t\t\t\t<tr><th>Offer Value</th><th>Response</th></tr>\r\n\t\t\t\t\t\t\t</thead>\r\n\t\t\t\t\t\t\t<tbody id=\"responses\"></tbody>\r\n\t\t\t\t\t\t</table>\r\n\t\t\t\t\t\t<hr />\r\n\t\t\t\t\t</div>\r\n\t\t\t\t\t<div id=\"input-container\" class=\"span9\"></div>\r\n\t\t\t\t</div>\r\n\t\t\t</div>\r\n\t\t</div>\r\n\t\t<div class=\"row\">\r\n\t\t\t<hr style=\"margin-top:20px;\"/>\r\n\t\t\t<div class=\"span12\" id=\"footer\">\r\n\t\t\t\t<div id=\"notes-proposer\" style=\"display:none;\">\r\n\t\t\t\t\t<p>Congratulations! Your estimate was close enough to become a Proposer.<br/>\r\n\t\t\t\t\tYou will receive a $<span name=\"$P\"></span> base payment and have earned the right to make offers:<br/>\r\n\t\t\t\t\t<i>How much of an additional $<span name=\"maxX\"></span> bonus, would you like to offer an anonymous Responder?</i><br/>\r\n\t\t\t\t\tYou are free to decide on the offers: they could be identical or different - it is totally up to you.\r\n\t\t\t\t\tEach offer must be a value between $<span name=\"minX\"></span> and $<span name=\"maxX\"></span>.</p>\r\n\t\t\t\t\t<p><strong>Payment:</strong></p>\r\n\t\t\t\t\t<p>Each participant will receive their base payment plus a possible bonus of between <span name=\"minX\"></span> and <span name=\"maxX\"></span> dollars.\r\n\t\t\t\t\tIn order to calculate the bonus, a single offer from a single round will be randomly selected.\r\n\t\t\t\t\tLet the value of this offer be $X. If the offer was accepted then the Proposer will receive a bonus of <span name=\"maxX\"></span>-X dollars\r\n\t\t\t\t\tand the Responder will receive a bonus of X dollars. However, if the offer was rejected, then neither the Proposer nor the Responder will receive any bonus.</p>\r\n\t\t\t\t</div>\r\n\t\t\t\t<div id=\"notes-responder\" style=\"display:none;\">\r\n\t\t\t\t\t<p>Your estimate was not close enough to become a Proposer so you are now a Responder.<br/>\r\n\t\t\t\t\tYou will receive a $<span name=\"$R\"></span> base payment and will now receive several offers from different anonymous Proposers.\r\n\t\t\t\t\tThey have earned the right to offer you a proportion of an additional $<span name=\"maxX\"></span> bonus.\r\n\t\t\t\t\tEach offer will be a value <strong>between $<span name=\"minX\"></span> and $<span name=\"maxX\"></span>.</strong><br/>\r\n\t\t\t\t\tFor each offer you will have the choice to ACCEPT or REJECT.</p>\r\n\t\t\t\t\t<p><strong>Payment:</strong></p>\r\n\t\t\t\t\t<p>Each participant will receive their base payment plus a possible bonus of between <span name=\"minX\"></span> and <span name=\"maxX\"></span> dollars.\r\n\t\t\t\t\tIn order to calculate the bonus, a single offer from a single round will be randomly selected.\r\n\t\t\t\t\tLet the value of this offer be $X. If the offer was accepted then the Proposer will receive a bonus of <span name=\"maxX\"></span>-X dollars\r\n\t\t\t\t\tand the Responder will receive a bonus of X dollars. However, if the offer was rejected, then neither the Proposer nor the Responder will receive any bonus.</p>\r\n\t\t\t\t</div>\r\n\t\t\t</div>\r\n\t\t</div>\r\n\t</div>\r\n</body>\r\n</html>\r\n", "name": "Start", "css": ".no-transition:hover{\r\n -webkit-transition: none;\r\n background-position: 0 0;\r\n}\r\n\r\n.table td, .table th {\r\n  vertical-align:middle;\r\n}", "js": "\r\nvar rs = RedwoodSubject; //create an alias for RedwoodSubject\r\n\r\nvar state = {}; //State object\r\n\r\nvar Display = { //Display controller\r\n\r\n  initialize: function() {\r\n\t\t$(\"#user-id\").text(rs.user_id);\r\n\t\t\r\n\t\tif(!rs.config.showR && state.role === ROLE.P) {\r\n\t\t\t$(\"[name='$R']\").text(\"R\");\r\n\t\t} else {\r\n\t\t\t$(\"[name='$R']\").text(state.$R);\r\n\t\t}\r\n\t\t\r\n\t\tif(!rs.config.showP && state.role === ROLE.R) {\r\n\t\t\t$(\"[name='$P']\").text(\"P\");\r\n\t\t} else {\r\n\t\t\t$(\"[name='$P']\").text(state.$P);\r\n\t\t}\r\n\t\t\r\n\t\t$(\"[name='k']\").text(rs.config.k);\r\n\t\t$(\"[name='minX']\").text(rs.config.minX);\r\n\t\t$(\"[name='maxX']\").text(rs.config.maxX);\r\n\t\t\r\n\t\trs.on(\"next_round\", function() {\r\n\t\t\t$(\"#round\").text(state.round + \" of \" + rs.config.k);\r\n\t\t\tif(state.role === ROLE.R) {\r\n\t\t\t\t$(\"#input-container\").empty().append('<span class=\"label label-info\">Awaiting offers...</span>');\r\n\t\t\t}\r\n\t\t});\r\n\t\t\r\n\t\trs.on(\"wait\", function(value) {\r\n\t\t\t$(\"#input-container\").empty().append('<span class=\"label label-info\">' + value + '</span>');\r\n\t\t});\r\n\t\t\r\n\t\t$(\"#your-base-pay\").text(state.role === ROLE.P ? \"$\" + state.$P : \"$\" + state.$R);\r\n\t\t\r\n\t\t$(\"#other-name\").text(state.role === ROLE.P ? \"Responder\" : \"Proposer\");\r\n\t\tif(rs.config.showR && state.role === ROLE.P) {\r\n\t\t\t$(\"#other-base-pay\").text(\"$\" + state.$R);\r\n\t\t} else if(rs.config.showP && state.role === ROLE.R) {\r\n\t\t\tif($.isArray(rs.config.$P)) {\r\n\t\t\t\t$(\"#other-base-pay\").text(\"See offers\");\r\n\t\t\t} else {\r\n\t\t\t\t$(\"#other-base-pay\").text(\"$\" + state.$P);\r\n\t\t\t}\r\n\t\t} else {\r\n\t\t\t$(\"#other-base-pay\").text(\"Unknown\");\r\n\t\t}\r\n\t\t\r\n\t\t$(\"#min-x\").text(rs.config.minX);\r\n\t\t$(\"#max-x\").text(rs.config.maxX);\r\n\t\t\r\n\t\tif(state.role === ROLE.P) {\r\n\t\t\t$(\"#notes-proposer\").show();\r\n\t\t} else if(state.role === ROLE.R) {\r\n\t\t\t$(\"#notes-responder\").show();\r\n\t\t}\r\n\t\r\n\t},\r\n\t\r\n\tproposeOffers: function() {\r\n\t\t$(\"#input-container\").empty();\r\n\t\tvar html = \"<p>Propose offers:</p>\";\r\n\t\thtml += \"<table class='table table-bordered table-condensed'>\";\r\n\t\thtml += \"<tr><th>Offer</th><th>Amount</th><td>Select amount...</td></tr>\";\r\n\t\tfor(var i = 0, l = state.oppositeGroup.length; i < l; i++) {\r\n\t\t\thtml += \"<tr>\";\r\n\t\t\thtml += \"<td style='width:8%;'>\" + (i + 1) + \"</td>\";\r\n\t\t\thtml += \"<td style='width:12%;'><span class='badge badge-success'>$<span id='value-\" + i + \"'></span></span></td>\";\r\n\t\t\thtml += \"<td style='width:80%;'>\";\r\n\t\t\thtml += \"<div id='slider-\" + i + \"'></div>\";\r\n\t\t\thtml += \"</td>\";\r\n\t\t\thtml += \"</tr>\";\r\n\t\t}\r\n\t\thtml += \"</table>\";\r\n\t\t$(\"#input-container\").append(html);\r\n\t\t\r\n\t\tvar makeSlider = function(sliderId, valueId) {\r\n\t\t\t$(\"#\" + sliderId).slider({\r\n\t\t\t\tmin: 0, max: rs.config.maxX,\r\n\t\t\t\tstep: 0.1,\r\n\t\t\t\tslide: function(event, ui) {\r\n\t\t\t\t\tif(ui.value < rs.config.minX) {\r\n\t\t\t\t\t\t$(\"#\" + sliderId).slider(\"value\", rs.config.minX);\r\n\t\t\t\t\t\tui.value = rs.config.minX;\r\n\t\t\t\t\t\tevent.preventDefault();\r\n\t\t\t\t\t}\r\n\t\t\t\t\t$(\"#\" + valueId).text(ui.value.toFixed(2));\r\n\t\t\t\t},\r\n\t\t\t\tstop: function(event, ui) {\r\n\t\t\t\t\tif(ui.value < rs.config.minX) {\r\n\t\t\t\t\t\t$(\"#\" + sliderId).slider(\"value\", rs.config.minX);\r\n\t\t\t\t\t}\r\n\t\t\t\t},\r\n\t\t\t\tchange: function() {\r\n\t\t\t\t\t$(this).find(\".ui-slider-handle\").show();\r\n\t\t\t\t}\r\n\t\t\t});\r\n\t\t};\r\n\t\t\r\n\t\tfor(var i = 0, l = state.oppositeGroup.length; i < l; i++) {\r\n\t\t\tmakeSlider(\"slider-\" + i, \"value-\" + i);\r\n\t\t\t\r\n\t\t\thtml = \"<div>\";\r\n\t\t\thtml += \"<div style='width:\" + $(\"#slider-\" + i).outerWidth() / 2 + \"px; display:inline-block; text-align:left;'>$\" + (0).toFixed(2) + \"</div>\";\r\n\t\t\t//html += \"<div style='width:\" + $(\"#slider-\" + i).outerWidth() / 3 + \"px; display:inline-block; text-align:center;'>$\" + (rs.config.minX + (rs.config.maxX - rs.config.minX) / 2).toFixed(2) + \"</div>\";\r\n\t\t\thtml += \"<div style='width:\" + $(\"#slider-\" + i).outerWidth() / 2 + \"px; display:inline-block; text-align:right;'>$\" + rs.config.maxX.toFixed(2) + \"</div>\";\r\n\t\t\thtml += \"</div>\";\r\n\t\t\t$(\"#slider-\" + i).parent().append(html);\r\n\t\t\t\r\n\t\t\t$(\"#slider-\" + i + \" > .ui-slider-handle\").hide();\r\n\t\t\t$(\"#value-\" + i).text(\"?\");\r\n\t\t}\r\n\t\thtml = \"<div style='margin-top:20px;'>\";\r\n\t\thtml += \"<button class='btn btn-success' onclick='javascript:Display.propose();'>Send Offers</button>\";\r\n\t\thtml += \"</div>\";\r\n\t\t$(\"#input-container\").append(html);\r\n\t},\r\n\r\n\tpropose: function() {\r\n\t\tvar valid = true;\r\n\t\tfor(var i = 0, l = state.oppositeGroup.length; i < l; i++) {\r\n\t\t\tif($(\"#value-\" + i).text() == \"?\") {\r\n\t\t\t\tvalid = false;\r\n\t\t\t\talert(\"Please use the slider to specify offer \" + (i + 1));\r\n\t\t\t}\r\n\t\t}\r\n\t\tif(valid) {\r\n\t\t\tfor(var i = 0, l = state.oppositeGroup.length; i < l; i++) {\r\n\t\t\t\tvar value = $(\"#slider-\" + i).slider(\"option\", \"value\");\r\n\t\t\t\trs.trigger(\"offer\", {to: state.oppositeGroup[i], value: value});\r\n\t\t\t}\r\n\t\t\trs.trigger(\"wait\", \"Awaiting responses...\");\r\n\t\t}\r\n\t},\r\n\t\r\n\trespondToOffers: function() {\r\n\t\t$(\"#input-container\").empty();\r\n\t\tvar html = \"<p>Respond to offers:</p>\";\r\n\t\thtml += \"<table class='table table-bordered table-condensed' style='vertical-align:middle;'>\";\r\n\t\thtml += \"<tr><th>Offer</th><th>Amount</th><th>Response</th><th>You</th><th>Proposer</th></tr>\";\r\n\t\tfor(var i = 0, l = state.oppositeGroup.length; i < l; i++) {\r\n\t\t\tvar value = state.offers[i].value;\r\n\t\t\thtml += \"<tr>\";\r\n\t\t\thtml += \"<td rowspan='2' style='width:10%;'>\" + (i + 1) + \"</td>\";\r\n\t\t\thtml += \"<td rowspan='2' style='width:20%;'><span class='badge'>$\" + value.toFixed(2) + \"</span></td>\";\r\n\t\t\thtml += \"<td style='width:20%;'><input id='accept-\" + i + \"' type='radio' name='response-\" + i + \"' value='accept'><label for='accept-\" + i + \"' style='display:inline-block;'><span class='label label-success'>Accept</span></label></td>\";\r\n\t\t\thtml += \"<td style='width:25%;'>Bonus: <span class='badge badge-success pull-right'>$\" + (value).toFixed(2) + \"</span>\";\r\n\t\t\thtml += \"<br/>Total: <span class='badge badge-success pull-right'>$\" + (state.$R + value).toFixed(2) + \"</span></td>\";\r\n\t\t\thtml += \"<td style='width:25%;'>Bonus: <span class='badge badge-success pull-right'>$\" + (rs.config.maxX - value).toFixed(2) + \"</span>\";\r\n\t\t\t//if(rs.config.showP) {\r\n\t\t\t\thtml += \"<br/>Total: <span class='badge badge-success pull-right'>$\" + (rs.config.showP ? (($.isArray(rs.config.$P) ? rs.config.$P[rs.subject[state.offers[i].from].get(\"rank\")] : state.$P) + rs.config.maxX - value).toFixed(2) : \"??\") + \"</span></td>\";\r\n\t\t\t//}\r\n\t\t\thtml += \"</tr><tr>\";\r\n\t\t\thtml += \"<td><input id='reject-\" + i + \"' type='radio' name='response-\" + i + \"' value='reject'><label for='reject-\" + i + \"' style='display:inline-block;'><span class='label label-important'>Reject</span></label></td>\";\r\n\t\t\thtml += \"<td>Bonus: <span class='badge badge-important pull-right'>$\" + (0).toFixed(2) + \"</span>\";\r\n\t\t\thtml += \"<br/>Total: <span class='badge badge-important pull-right'>$\" + (state.$R).toFixed(2) + \"</td>\";\r\n\t\t\thtml += \"<td>Bonus: <span class='badge badge-important pull-right'>$\" + (0).toFixed(2) + \"</span>\";\r\n\t\t\t//if(rs.config.showP) {\r\n\t\t\t\thtml += \"<br/>Total: <span class='badge badge-important pull-right'>$\" + (rs.config.showP ? ($.isArray(rs.config.$P) ? rs.config.$P[rs.subject[state.offers[i].from].get(\"rank\")] : state.$P).toFixed(2) : \"??\") + \"</span></td>\";\r\n\t\t\t//}\r\n\t\t\thtml += \"</tr>\";\r\n\t\t}\r\n\t\thtml += \"</table>\";\r\n\t\t$(\"#input-container\").append(html);\r\n\t\thtml = \"<div style='margin-top:20px;'>\"\r\n\t\thtml += \"<button class='btn btn-success' onclick='javascript:Display.respond();'>Send Responses</button>\";\r\n\t\thtml += \"</div>\";\r\n\t\t$(\"#input-container\").append(html);\r\n\t},\r\n\t\r\n\trespond: function() {\r\n\t\tvar valid = true;\r\n\t\tfor(var i = 0, l = state.oppositeGroup.length; i < l; i++) {\r\n\t\t\tif($(\"[name='response-\" + i + \"']:checked\").length < 1) {\r\n\t\t\t\tvalid = false;\r\n\t\t\t\talert(\"Please accept or reject offer \" + (i + 1));\r\n\t\t\t\tbreak;\r\n\t\t\t}\r\n\t\t}\r\n\t\tif(valid) {\r\n\t\t\tfor(var i = 0, l = state.oppositeGroup.length; i < l; i++) {\r\n\t\t\t\tvar offer = state.offers[i];\r\n\t\t\t\tvar response = $(\"[name='response-\" + i + \"']:checked\").val();\r\n\t\t\t\trs.trigger(\"response\", {to: offer.from, value: offer.value, response: (response == \"accept\" ? true : false)});\r\n\t\t\t}\r\n\t\t\trs.trigger(\"wait\", \"Awaiting offers...\");\r\n\t\t}\r\n\t},\r\n\t\r\n\tdisplayResponses: function() {\r\n\t\tvar rows = \"\";\r\n\t\tfor(var round = 0, rl = state.responses.length; round < rl; round++) {\r\n\t\t\tfor(var offer = 0, ol = state.responses[round].length; offer < ol; offer++) {\r\n\t\t\t\trows += \"<tr><td>\" + state.responses[round][offer].value.toFixed(2) + \"</td><td>\" + (state.responses[round][offer].response ? \"Accepted\" : \"Rejected\") + \"</td></tr>\";\r\n\t\t\t}\r\n\t\t}\r\n\t\t$(\"#responses\").empty().append(rows);\r\n\t}\r\n};\r\n\r\nvar ROLE = {\r\n\tP: 0,\r\n\tR: 1\r\n};\r\n\r\nrs.create = function() {\r\n\r\n\trs.on_load(function() { //called once the page has loaded for a new sub period\r\n\t\t\r\n\t\tif(rs.subject[rs.user_id].get(\"excluded\")) {\r\n\t\t\trs.add_points(rs.config.$R);\r\n\t\t\trs.finish();\r\n\t\t\treturn;\r\n\t\t}\r\n\t\t\r\n\t\tstate.groups = [];\r\n\t\tfor(var role = 0; role < 2; role++) {\r\n\t\t\tstate.groups.push([]);\r\n\t\t\tvar subjects = rs.subjects.where(function() {\r\n\t\t\t\treturn this.get(\"role\") == role;\r\n\t\t\t});\r\n\t\t\tvar group_size = Math.ceil(subjects.length / rs.config.k);\r\n\t\t\tvar last_group_size = subjects.length - ((rs.config.k - 1) * group_size);\r\n\t\t\tfor(var group = 0; group < rs.config.k; group++) {\r\n\t\t\t\tstate.groups[role].push([]);\r\n\t\t\t\tfor(var i = 0, il = (group == rs.config.k - 1 ? last_group_size : group_size); i < il; i++) {\r\n\t\t\t\t\tstate.groups[role][group].push(subjects[group * group_size + i].user_id);\r\n\t\t\t\t\trs.subject[state.groups[role][group][i]].role = role;\r\n\t\t\t\t\trs.subject[state.groups[role][group][i]].group = group;\r\n\t\t\t\t\trs.subject[state.groups[role][group][i]].index = i;\r\n\t\t\t\t}\r\n\t\t\t}\r\n\t\t}\r\n\t\t\r\n\t\tstate.role = rs.subject[rs.user_id].role;\r\n\t\t\r\n\t\tstate.$R = rs.config.$R;\r\n\t\tif($.isArray(rs.config.$P)) {\r\n\t\t\tstate.$P = rs.config.$P[rs.subject[rs.user_id].get(\"rank\")];\r\n\t\t} else {\r\n\t\t\tstate.$P = rs.config.$P;\r\n\t\t}\r\n\t\t\r\n\t\tstate.group = rs.subject[rs.user_id].group;\r\n\t\tstate.index = rs.subject[rs.user_id].index;\r\n\t\tstate.oppositeRole = (state.role === ROLE.P ? ROLE.R : ROLE.P);\r\n\t\tstate.k = state.groups[state.oppositeRole].length;\r\n\t\tstate.responses = [];\r\n\t\t\r\n\t\tstate.round = 0;\r\n\t\t\r\n\t\tDisplay.initialize();\r\n\t\trs.trigger(\"next_round\");\r\n\t});\r\n\t\r\n\trs.on(\"next_round\", function() {\r\n\t\tstate.round++;\r\n\t\tDisplay.displayResponses();\r\n\t\trs.trigger(\"wait\", \"Waiting for other players...\");\r\n\t\trs.after_waiting_for_all(function() {\r\n\t\t\tif(state.round > state.k) { //If we have completed the last round\r\n\t\t\t\tif(rs.user_id === rs.subjects[0].user_id) {\r\n\t\t\t\t\tvar match = pickMatch();\r\n\t\t\t\t\trs.trigger(\"match\", match);\r\n\t\t\t\t}\r\n\t\t\t\treturn;\r\n\t\t\t}\r\n\t\t\tstate.offer = 0;\r\n\t\t\tstate.oppositeGroupIndex = (state.role === ROLE.P ? (state.group + (state.round - 1)) % state.k : (state.group - (state.round - 1) + state.k) % state.k);\r\n\t\t\tstate.oppositeGroup = state.groups[state.oppositeRole][state.oppositeGroupIndex];\r\n\t\t\tstate.responses.push([]);\r\n\t\t\tvar responses = state.responses[state.responses.length - 1];\r\n\t\t\t\r\n\t\t\tif(state.role === ROLE.P) { //proposer\r\n\t\t\t\tfor(var i = 0, l = state.oppositeGroup.length; i < l; i++) {\r\n\t\t\t\t\tvar index = (state.index + i) % state.oppositeGroup.length;\r\n\t\t\t\t\tresponses.push({from: state.oppositeGroup[index]});\r\n\t\t\t\t}\r\n\t\t\t\tDisplay.proposeOffers();\r\n\t\t\t} else {\r\n\t\t\t\tstate.offers = [];\r\n\t\t\t\tfor(var i = 0, l = state.oppositeGroup.length; i < l; i++) {\r\n\t\t\t\t\tvar index = (state.index - i + state.oppositeGroup.length) % state.oppositeGroup.length;\r\n\t\t\t\t\tstate.offers.push({from: state.oppositeGroup[index]});\r\n\t\t\t\t\tresponses.push({to: state.oppositeGroup[index]});\r\n\t\t\t\t}\r\n\t\t\t}\r\n\t\t\t\r\n\t\t\trs.trigger(\"next_offer\");\r\n\t\t});\r\n\t});\r\n\t\r\n\trs.on(\"next_period\", function() {\r\n\t\trs.next_period(0); //Advance to the next period after a 5 second delay.\r\n\t});\r\n\t\r\n\trs.recv(\"offer\", function(sender, value) {\r\n\t\tif(value.to == rs.user_id) {\r\n\t\t\tstate.offers.firstWhere(function() {\r\n\t\t\t\treturn this.from == sender;\r\n\t\t\t}).value = value.value;\r\n\t\t\tif(!state.offers.firstWhere(function() {\r\n\t\t\t\t\t\treturn isNullOrUndefined(this.value);\r\n\t\t\t\t\t})) {\r\n\t\t\t\tDisplay.respondToOffers(value);\r\n\t\t\t}\r\n\t\t}\r\n\t});\r\n\t\r\n\trs.on(\"response\", function(value) { //{to: offer.sender, value: offer.value, response: (response == \"accept\" ? true : false)}\r\n\t\tvar response = state.responses[state.round - 1].firstWhere(function() {\r\n\t\t\treturn this.to == value.to;\r\n\t\t});\r\n\t\tresponse.value = value.value;\r\n\t\tresponse.response = value.response;\r\n\t\tif(!state.responses[state.round - 1].firstWhere(function() {\r\n\t\t\t\treturn isNullOrUndefined(this.value);\r\n\t\t\t})) {\r\n\t\t\trs.trigger(\"next_round\");\r\n\t\t}\r\n\t});\r\n\t\r\n\trs.recv(\"response\", function(sender, value) {\r\n\t\tif(value.to == rs.user_id) {\r\n\t\t\tvar response = state.responses[state.round - 1].firstWhere(function() {\r\n\t\t\t\treturn this.from == sender;\r\n\t\t\t});\r\n\t\t\tresponse.value = value.value;\r\n\t\t\tresponse.response = value.response;\r\n\t\t\tif(!state.responses[state.round - 1].firstWhere(function() {\r\n\t\t\t\t\treturn isNullOrUndefined(this.value);\r\n\t\t\t\t})) {\r\n\t\t\t\trs.trigger(\"next_round\");\r\n\t\t\t}\r\n\t\t}\r\n\t});\r\n\t\r\n\trs.recv(\"match\", function(sender, value) {\r\n\t\tallocateRewards(value);\r\n\t\trs.trigger(\"next_period\");\r\n\t});\r\n\t\r\n\trs.on(\"match\", function(value) {\r\n\t\tallocateRewards(value);\r\n\t\trs.trigger(\"next_period\");\r\n\t});\r\n\t\r\n\tvar pickMatch = function() {\r\n\t\tvar result = {};\r\n\t\tvar random = Math.random();\r\n\t\tfor(var round = 0; round < state.k; round++) { //TODO: Change to use actual formula instead of loop\r\n\t\t\tif(random >= (1 - ((round + 1) / state.k))) {\r\n\t\t\t\tresult.round = round;\r\n\t\t\t\tbreak;\r\n\t\t\t}\r\n\t\t}\r\n\t\trandom = Math.random();\r\n\t\tfor(var i = 0; i < state.oppositeGroup.length; i++) { //TODO: Change to use actual formula instead of loop\r\n\t\t\tif(random >= (1 - ((i + 1) / state.oppositeGroup.length))) {\r\n\t\t\t\tresult.index = i;\r\n\t\t\t\tbreak;\r\n\t\t\t}\r\n\t\t}\r\n\t\treturn result;\r\n\t};\r\n\t\r\n\tvar allocateRewards = function(match) {\r\n\t\tif(state.role == ROLE.P) {\r\n\t\t\tvar payment = state.$P;\r\n\t\t\tif(state.responses[match.round][match.index].response) {\r\n\t\t\t\tpayment += (rs.config.maxX - state.responses[match.round][match.index].value);\r\n\t\t\t}\r\n\t\t\trs.add_points(payment);\r\n\t\t} else {\r\n\t\t\tvar payment = state.$R;\r\n\t\t\tif(state.responses[match.round][match.index].response) {\r\n\t\t\t\tpayment += state.responses[match.round][match.index].value;\r\n\t\t\t}\r\n\t\t\trs.add_points(payment);\r\n\t\t}\r\n\t\trs.save(\"responses\", state.responses);\r\n\t\trs.save(\"selected_offer\", match);\r\n\t};\r\n};"}}, {"pk": 22, "model": "expecon.page", "fields": {"experiment": 7, "html": "<!DOCTYPE HTML>\r\n<html>\r\n<head>\r\n  <title>Finish</title>\r\n\t<script type=\"text/javascript\" src=\"{{ STATIC_URL }}js/jquery.min.js\"></script>\r\n\t<script type=\"text/javascript\" src=\"{{ STATIC_URL }}flot/jquery.flot.js\"></script>\r\n\t<script type=\"text/javascript\" src=\"{{ STATIC_URL }}flot/jquery.flot.dashes.js\"></script>\r\n\t<script type=\"text/javascript\" src=\"{{ STATIC_URL }}js/jquery-ui-1.10.3.custom.js\"></script>\r\n\t<script type=\"text/javascript\" src=\"{{ STATIC_URL }}js/redwood2.js\"></script>\r\n\t<script type=\"text/javascript\" src=\"{{ STATIC_URL }}js/redwood2_helpers.js\"></script>\r\n\t<script type=\"text/javascript\" src=\"{{ STATIC_URL }}js/redwood2_subject.js\"></script>\r\n\t<link type=\"text/css\" rel=\"stylesheet\" href=\"{{ STATIC_URL }}css/bootstrap.min.css\"></link>\r\n\t<link type=\"text/css\" rel=\"stylesheet\" href=\"{{ STATIC_URL }}css/ui-lightness/jquery-ui-1.10.3.custom.css\"></link>\r\n\t<script type=\"text/javascript\">\r\n\t\tvar IMAGE_URL = \"{{ STATIC_URL }}/img/Ultimatum\";\r\n\t\t{{ js }}\r\n\t</script>\r\n\t<style type=\"text/css\">\r\n\t\t{{ css }}\r\n\t</style>\r\n</head>\r\n<body style=\"padding-top:60px;\">\r\n\t\r\n\t<div class=\"navbar navbar-fixed-top container\">\r\n\t\t<div class=\"navbar-inner\">\r\n\t\t\t<div class=\"container-fluid\">\r\n\t\t\t\t<div class=\"brand\" href=\"#\">Interactive Decision Making Experiment</div>\r\n\t\t\t\t<div class=\"nav-collapse collapse\">\r\n\t\t\t\t\t<p class=\"navbar-text pull-right\">\r\n\t\t\t\t\t\tUser ID: <span id=\"user-id\" class=\"navbar-link\"></span>\r\n\t\t\t\t\t</p>\r\n\t\t\t\t</div>\r\n\t\t\t</div>\r\n\t\t</div>\r\n\t</div>\r\n\t\r\n\t<div class=\"container\">\r\n\t\t<div class=\"row\">\r\n\t\t\t<div class=\"span3\">\r\n\t\t\t\t<div class=\"well sidebar-nav\">\r\n\t\t\t\t\t<ul class=\"nav nav-list\">\r\n\t\t\t\t\t\t<li>Payment: <span id=\"payment\" class=\"badge badge-success\"></span></li>\r\n\t\t\t\t\t</ul>\r\n\t\t\t\t</div>\r\n\t\t\t</div>\r\n\t\t\t<div class=\"span9\">\r\n\t\t\t\t<div id=\"results-container\" style=\"display:none;\">\r\n\t\t\t\t\t<div class=\"row\">\r\n\t\t\t\t\t\t<div class=\"span9\" id=\"responses\"></div>\r\n\t\t\t\t\t</div>\r\n\t\t\t\t\t<div class=\"row\">\r\n\t\t\t\t\t\t<div class=\"span9\" id=\"explanation\"></div>\r\n\t\t\t\t\t</div>\r\n\t\t\t\t</div>\r\n\t\t\t\t<div id=\"excluded-container\" style=\"display:none;\">\r\n\t\t\t\t\tUnfortunately your estimate was not close enough to become a Proposer or a Responder.\r\n\t\t\t\t\tYou will receive a $<span name=\"$R\"></span> base payment and will not partake in the second round of the experiment.\r\n\t\t\t\t</div>\r\n\t\t\t</div>\r\n\t\t</div>\r\n\t\t<div class=\"row\">\r\n\t\t\t<div class=\"span12\">\r\n\t\t\t\t<hr/>\r\n\t\t\t</div>\r\n\t\t</div>\r\n\t</div>\r\n</body>\r\n</html>\r\n", "name": "Finish", "css": ".dummy {\r\n  \r\n}\r\n", "js": "var rs = RedwoodSubject; //create an alias for RedwoodSubject\r\n\r\nvar state = {}; //State object\r\n\r\nvar Display = { //Display controller\r\n\r\n  initialize: function() {\r\n\t\t$(\"#user-id\").text(rs.user_id);\r\n\t\t$(\"#payment\").text(\"$\" + rs.accumulated_points.toFixed(2));\r\n\t},\r\n\t\r\n\tdisplayResults: function() {\r\n\t\tvar html = \"\";\r\n\t\tfor(var round = 0, l = state.responses.length; round < l; round++) {\r\n\t\t\thtml += \"<div class='row'><div class='span9'>Round: \" + (round + 1);\r\n\t\t\thtml += '<table class=\"table table-bordered table-condensed\">'\r\n\t\t\t\t\t+ '<tr><th>Offer</th><th>Value</th><th>Response</th></tr>';\r\n\t\t\tfor(var offer = 0, lo = state.responses[round].length; offer < lo; offer++) {\r\n\t\t\t\thtml += '<tr' + (state.response === state.responses[round][offer] ? ' class=\"success\" ' : '') \r\n\t\t\t\t\t\t+ '><td>' + (offer + 1) + '</td><td>$' + (state.responses[round][offer].value.toFixed(2))\r\n\t\t\t\t\t\t+ '</td><td class=\"text-' + (state.responses[round][offer].response ? \"success\" : \"error\") + '\">' + (state.responses[round][offer].response ? 'Accepted' : 'Rejected') + '</td></tr>';\r\n\t\t\t}\r\n\t\t\thtml += '</table>';\r\n\t\t}\r\n\t\thtml += '</div></div>';\r\n\t\t$(\"#responses\").append(html);\r\n\t\t\r\n\t\thtml = \"<hr/>The offer that counts for payment is offer number \" + (state.selected_offer.index + 1)\r\n\t\t\t\t+ \" in round \" + (state.selected_offer.round + 1)\r\n\t\t\t\t+ \" of $\" + state.response.value.toFixed(2)\r\n\t\t\t\t+ \" which was \" +  (state.response.response ? \"accepted\" : \"rejected\")\r\n\t\t\t\t+ \". Therefore your payment is $\" + rs.accumulated_points.toFixed(2) + \".\";\r\n\t\t\r\n\t\t$(\"#explanation\").append(html);\r\n\t\t\r\n\t\t$(\"#results-container\").show();\r\n\t},\r\n\t\r\n\tdisplayExcluded: function() {\r\n\t\t$(\"[name='$R']\").text(rs.accumulated_points.toFixed(2));\r\n\t\t$(\"#excluded-container\").show();\r\n\t}\r\n};\r\n\r\nrs.create = function() {\r\n\r\n\trs.on_load(function() { //called once the page has loaded for a new sub period\r\n\t\tDisplay.initialize();\r\n\t\tif(rs.subject[rs.user_id].get(\"excluded\")) {\r\n\t\t\tDisplay.displayExcluded();\r\n\t\t} else {\r\n\t\t\trs.retrieve(\"responses\", function(responses) {\r\n\t\t\t\tstate.responses = responses;\r\n\t\t\t});\r\n\t\t\trs.retrieve(\"selected_offer\", function(selected_offer) {\r\n\t\t\t\tstate.selected_offer = selected_offer;\r\n\t\t\t\tstate.response = state.responses[selected_offer.round][selected_offer.index];\r\n\t\t\t\tDisplay.displayResults();\r\n\t\t\t});\r\n\t\t}\r\n\t});\r\n};"}}]